path,condition,seed,step,phase,cue,chosen,correct,reward,agreement,branches,old,currents,change_score,stale_score,probe_pairs,probe_text,insufficient_history
traces/stage5_scale/3b/ov0_none_seed0.csv,shift,0,0,pre,red,C,C,1,0.6,C|A|A|C|C,,,,,,,1
traces/stage5_scale/3b/ov0_none_seed0.csv,shift,0,1,pre,red,C,C,1,0.4,C|A|C|B|B,,,,,,,1
traces/stage5_scale/3b/ov0_none_seed0.csv,shift,0,2,pre,blue,A,B,0,0.4,A|C|A|B|B,,,,,,,1
traces/stage5_scale/3b/ov0_none_seed0.csv,shift,0,3,pre,red,B,C,0,0.6,C|B|B|B|C,,,,,,,1
traces/stage5_scale/3b/ov0_none_seed0.csv,shift,0,4,pre,green,B,A,0,0.6,A|B|B|B|C,,,,,,,1
traces/stage5_scale/3b/ov0_none_seed0.csv,shift,0,5,pre,red,C,C,1,0.4,A|C|B|B|C,C,NO|NO|NO,0.000,0.000,NO|NO|NO,NO|NO|NO,0
traces/stage5_scale/3b/ov0_none_seed0.csv,shift,0,6,pre,red,B,C,0,0.6,C|A|B|B|B,C,NO|NO|NO,0.000,0.000,NO|NO|NO,NO|NO|NO,0
traces/stage5_scale/3b/ov0_none_seed0.csv,shift,0,7,pre,red,C,C,1,0.6,C|C|B|B|C,C,NO|NO|NO,0.000,0.000,NO|NO|NO,NO|NO|NO,0
traces/stage5_scale/3b/ov0_none_seed0.csv,shift,0,8,pre,red,C,C,1,0.8,C|C|C|B|C,C,NO|NO|NO,0.000,0.000,NO|NO|NO,NO|NO|NO,0
traces/stage5_scale/3b/ov0_none_seed0.csv,shift,0,9,pre,red,C,C,1,0.6,C|A|C|C|B,C,NO|NO|NO,0.000,0.000,NO|NO|NO,NO|NO|NO,0
traces/stage5_scale/3b/ov0_none_seed0.csv,shift,0,10,post,green,A,B,0,0.6,A|A|A|B|C,B,NO|NO|NO,0.000,0.000,NO|NO|NO,NO|NO|NO,0
traces/stage5_scale/3b/ov0_none_seed0.csv,shift,0,11,post,blue,B,C,0,0.8,A|B|B|B|B,A,NO|NO|NO,0.000,0.000,NO|NO|NO,NO|NO|NO,0
traces/stage5_scale/3b/ov0_none_seed0.csv,shift,0,12,post,green,A,B,0,0.6,A|A|A|C|B,B,NO|NO|NO,0.000,0.000,NO|NO|NO,NO|NO|NO,0
traces/stage5_scale/3b/ov0_none_seed0.csv,shift,0,13,post,blue,B,C,0,0.8,B|C|B|B|B,A,NO|NO|NO,0.000,0.000,NO|NO|NO,NO|NO|NO,0
traces/stage5_scale/3b/ov0_none_seed0.csv,shift,0,14,post,red,C,A,0,0.6,C|A|C|B|C,C,NO|NO|NO,0.000,0.000,NO|NO|NO,NO|NO|NO,0
traces/stage5_scale/3b/ov0_none_seed0.csv,shift,0,15,post,blue,B,C,0,0.6,B|C|A|B|B,B,NO|NO|NO,0.000,0.000,NO|NO|NO,NO|NO|NO,0
traces/stage5_scale/3b/ov0_none_seed0.csv,shift,0,16,post,blue,A,C,0,0.4,A|A|B|B|C,B,NO|NO|NO,0.000,0.000,NO|NO|NO,NO|NO|NO,0
traces/stage5_scale/3b/ov0_none_seed0.csv,shift,0,17,post,green,A,B,0,0.4,A|C|B|A|C,A,NO|NO|NO,0.000,0.000,NO|NO|NO,NO|NO|NO,0
traces/stage5_scale/3b/ov0_none_seed0.csv,shift,0,18,post,red,B,A,0,0.8,B|A|B|B|B,C,NO|NO|NO,0.000,0.000,NO|NO|NO,NO|NO|NO,0
traces/stage5_scale/3b/ov0_none_seed0.csv,shift,0,19,post,green,A,B,0,0.8,A|A|A|?|A,A,NO|NO|NO,0.000,0.000,NO|NO|NO,NO|NO|NO,0
traces/stage5_scale/3b/ov0_none_seed1.csv,shift,1,0,pre,blue,B,B,1,0.6,B|A|A|B|B,,,,,,,1
traces/stage5_scale/3b/ov0_none_seed1.csv,shift,1,1,pre,green,A,A,1,0.8,A|A|A|A|?,,,,,,,1
traces/stage5_scale/3b/ov0_none_seed1.csv,shift,1,2,pre,blue,B,B,1,0.4,B|A|C|B|C,,,,,,,1
traces/stage5_scale/3b/ov0_none_seed1.csv,shift,1,3,pre,red,C,C,1,0.8,C|B|C|C|C,,,,,,,1
traces/stage5_scale/3b/ov0_none_seed1.csv,shift,1,4,pre,blue,B,B,1,0.4,A|B|C|B|C,B,NO|NO|NO,0.000,0.000,NO|NO|NO,NO|NO|NO,0
traces/stage5_scale/3b/ov0_none_seed1.csv,shift,1,5,pre,red,A,C,0,0.6,A|A|A|B|C,C,NO|NO|NO,0.000,0.000,NO|NO|NO,NO|NO|NO,0
traces/stage5_scale/3b/ov0_none_seed1.csv,shift,1,6,pre,red,C,C,1,1.0,C|C|C|C|C,C,NO|NO|NO,0.000,0.000,NO|NO|NO,NO|NO|NO,0
traces/stage5_scale/3b/ov0_none_seed1.csv,shift,1,7,pre,red,A,C,0,0.4,A|C|C|B|A,C,NO|NO|NO,0.000,0.000,NO|NO|NO,NO|NO|NO,0
traces/stage5_scale/3b/ov0_none_seed1.csv,shift,1,8,pre,green,B,A,0,0.6,A|B|A|B|B,A,NO|NO|NO,0.000,0.000,NO|NO|NO,NO|NO|NO,0
traces/stage5_scale/3b/ov0_none_seed1.csv,shift,1,9,pre,red,C,C,1,0.8,C|C|C|C|B,C,NO|NO|NO,0.000,0.000,NO|NO|NO,NO|NO|NO,0
traces/stage5_scale/3b/ov0_none_seed1.csv,shift,1,10,post,blue,B,C,0,0.8,B|B|B|B|C,B,NO|NO|NO,0.000,0.000,NO|NO|NO,NO|NO|NO,0
traces/stage5_scale/3b/ov0_none_seed1.csv,shift,1,11,post,blue,A,C,0,0.4,A|A|B|C|C,B,NO|NO|NO,0.000,0.000,NO|NO|NO,NO|NO|NO,0
traces/stage5_scale/3b/ov0_none_seed1.csv,shift,1,12,post,red,B,A,0,0.4,B|A|B|A|C,C,NO|NO|NO,0.000,0.000,NO|NO|NO,NO|NO|NO,0
traces/stage5_scale/3b/ov0_none_seed1.csv,shift,1,13,post,blue,A,C,0,0.4,A|A|B|C|C,B,NO|NO|NO,0.000,0.000,NO|NO|NO,NO|NO|NO,0
traces/stage5_scale/3b/ov0_none_seed1.csv,shift,1,14,post,red,B,A,0,0.6,C|C|B|B|B,C,NO|YES|NO,0.333,0.000,NO|YES|NO,NO|YES|NO,0
traces/stage5_scale/3b/ov0_none_seed1.csv,shift,1,15,post,red,A,A,1,0.4,A|A|C|B|C,C,NO|NO|NO,0.000,0.000,NO|NO|NO,NO|NO|NO,0
traces/stage5_scale/3b/ov0_none_seed1.csv,shift,1,16,post,green,A,B,0,0.6,A|A|A|B|C,A,NO|NO|NO,0.000,0.000,NO|NO|NO,NO|NO|NO,0
traces/stage5_scale/3b/ov0_none_seed1.csv,shift,1,17,post,blue,A,C,0,0.4,A|A|C|B|C,B,NO|NO|NO,0.000,0.000,NO|NO|NO,NO|NO|NO,0
traces/stage5_scale/3b/ov0_none_seed1.csv,shift,1,18,post,green,A,B,0,0.6,A|A|A|C|C,A,NO|YES|NO,0.333,0.333,NO|YES|NO,NO|YES|NO,0
traces/stage5_scale/3b/ov0_none_seed1.csv,shift,1,19,post,red,A,A,1,0.6,A|A|A|C|C,C,NO|NO|NO,0.000,0.000,NO|NO|NO,NO|NO|NO,0
traces/stage5_scale/3b/ov0_none_seed10.csv,shift,10,0,pre,green,A,A,1,1.0,A|A|A|A|A,,,,,,,1
traces/stage5_scale/3b/ov0_none_seed10.csv,shift,10,1,pre,blue,B,B,1,0.6,B|A|A|B|B,,,,,,,1
traces/stage5_scale/3b/ov0_none_seed10.csv,shift,10,2,pre,red,A,C,0,0.6,A|A|C|A|C,,,,,,,1
traces/stage5_scale/3b/ov0_none_seed10.csv,shift,10,3,pre,red,C,C,1,0.8,C|C|C|C|B,A,NO|NO|NO,0.000,0.000,NO|NO|NO,NO|NO|NO,0
traces/stage5_scale/3b/ov0_none_seed10.csv,shift,10,4,pre,green,A,A,1,0.6,A|A|A|B|B,A,NO|NO|NO,0.000,0.000,NO|NO|NO,NO|NO|NO,0
traces/stage5_scale/3b/ov0_none_seed10.csv,shift,10,5,pre,blue,B,B,1,1.0,B|B|B|B|B,B,NO|NO|NO,0.000,0.000,NO|NO|NO,NO|NO|NO,0
traces/stage5_scale/3b/ov0_none_seed10.csv,shift,10,6,pre,blue,B,B,1,0.4,B|B|A|C|C,B,NO|NO|NO,0.000,0.000,NO|NO|NO,NO|NO|NO,0
traces/stage5_scale/3b/ov0_none_seed10.csv,shift,10,7,pre,red,A,C,0,0.6,C|A|A|B|A,A,NO|NO|NO,0.000,0.000,NO|NO|NO,NO|NO|NO,0
traces/stage5_scale/3b/ov0_none_seed10.csv,shift,10,8,pre,red,A,C,0,0.4,A|C|A|C|B,A,NO|NO|NO,0.000,0.000,NO|NO|NO,NO|NO|NO,0
traces/stage5_scale/3b/ov0_none_seed10.csv,shift,10,9,pre,red,A,C,0,0.4,A|A|B|B|C,A,NO|NO|NO,0.000,0.000,NO|NO|NO,NO|NO|NO,0
traces/stage5_scale/3b/ov0_none_seed10.csv,shift,10,10,post,green,A,B,0,0.6,A|A|A|B|B,A,NO|NO|NO,0.000,0.000,NO|NO|NO,NO|NO|NO,0
traces/stage5_scale/3b/ov0_none_seed10.csv,shift,10,11,post,blue,A,C,0,0.8,A|A|A|A|C,B,NO|NO|NO,0.000,0.000,NO|NO|NO,NO|NO|NO,0
traces/stage5_scale/3b/ov0_none_seed10.csv,shift,10,12,post,blue,B,C,0,0.8,B|A|B|B|B,B,NO|NO|NO,0.000,0.000,NO|NO|NO,NO|NO|NO,0
traces/stage5_scale/3b/ov0_none_seed10.csv,shift,10,13,post,green,A,B,0,0.4,A|A|B|C|C,A,NO|NO|NO,0.000,0.000,NO|NO|NO,NO|NO|NO,0
traces/stage5_scale/3b/ov0_none_seed10.csv,shift,10,14,post,red,C,A,0,0.8,C|C|C|B|C,A,NO|NO|NO,0.000,0.000,NO|NO|NO,NO|NO|NO,0
traces/stage5_scale/3b/ov0_none_seed10.csv,shift,10,15,post,red,B,A,0,0.6,A|A|B|B|B,A,NO|NO|NO,0.000,0.000,NO|NO|NO,NO|NO|NO,0
traces/stage5_scale/3b/ov0_none_seed10.csv,shift,10,16,post,blue,B,C,0,0.6,B|B|B|C|C,B,NO|NO|NO,0.000,0.000,NO|NO|NO,NO|NO|NO,0
traces/stage5_scale/3b/ov0_none_seed10.csv,shift,10,17,post,blue,B,C,0,0.6,B|A|B|B|C,B,NO|NO|NO,0.000,0.000,NO|NO|NO,NO|NO|NO,0
traces/stage5_scale/3b/ov0_none_seed10.csv,shift,10,18,post,green,B,B,1,1.0,B|B|B|B|B,A,NO|NO|NO,0.000,0.000,NO|NO|NO,NO|NO|NO,0
traces/stage5_scale/3b/ov0_none_seed10.csv,shift,10,19,post,red,A,A,1,0.6,A|A|A|C|C,A,NO|NO|NO,0.000,0.000,NO|NO|NO,NO|NO|NO,0
traces/stage5_scale/3b/ov0_none_seed11.csv,shift,11,0,pre,red,C,C,1,0.4,C|C|A|B|B,,,,,,,1
traces/stage5_scale/3b/ov0_none_seed11.csv,shift,11,1,pre,green,A,A,1,0.6,A|A|A|B|?,,,,,,,1
traces/stage5_scale/3b/ov0_none_seed11.csv,shift,11,2,pre,red,C,C,1,0.6,C|A|C|B|C,,,,,,,1
traces/stage5_scale/3b/ov0_none_seed11.csv,shift,11,3,pre,red,A,C,0,0.6,C|A|A|B|A,,,,,,,1
traces/stage5_scale/3b/ov0_none_seed11.csv,shift,11,4,pre,green,B,A,0,0.4,B|A|A|C|B,,,,,,,1
traces/stage5_scale/3b/ov0_none_seed11.csv,shift,11,5,pre,green,A,A,1,0.6,A|A|A|B|B,,,,,,,1
traces/stage5_scale/3b/ov0_none_seed11.csv,shift,11,6,pre,blue,A,B,0,0.4,A|A|B|C|C,,,,,,,1
traces/stage5_scale/3b/ov0_none_seed11.csv,shift,11,7,pre,blue,B,B,1,0.6,B|A|B|B|C,A,NO|NO|NO,0.000,0.000,NO|NO|NO,NO|NO|NO,0
traces/stage5_scale/3b/ov0_none_seed11.csv,shift,11,8,pre,green,A,A,1,0.6,A|A|A|B|C,A,NO|NO|NO,0.000,0.000,NO|NO|NO,NO|NO|NO,0
traces/stage5_scale/3b/ov0_none_seed11.csv,shift,11,9,pre,red,A,C,0,0.4,A|A|C|B|C,C,NO|NO|NO,0.000,0.000,NO|NO|NO,NO|NO|NO,0
traces/stage5_scale/3b/ov0_none_seed11.csv,shift,11,10,post,green,A,B,0,0.8,A|A|A|B|A,A,NO|NO|NO,0.000,0.000,NO|NO|NO,NO|NO|NO,0
traces/stage5_scale/3b/ov0_none_seed11.csv,shift,11,11,post,green,B,B,1,0.6,A|A|B|B|B,A,NO|NO|NO,0.000,0.000,NO|NO|NO,NO|NO|NO,0
traces/stage5_scale/3b/ov0_none_seed11.csv,shift,11,12,post,blue,B,C,0,0.6,A|B|B|B|C,A,NO|NO|NO,0.000,0.000,NO|NO|NO,NO|NO|NO,0
traces/stage5_scale/3b/ov0_none_seed11.csv,shift,11,13,post,blue,B,C,0,0.6,B|A|B|B|C,B,NO|NO|NO,0.000,0.000,NO|NO|NO,NO|NO|NO,0
traces/stage5_scale/3b/ov0_none_seed11.csv,shift,11,14,post,red,B,A,0,0.6,B|C|B|B|C,C,NO|NO|NO,0.000,0.000,NO|NO|NO,NO|NO|NO,0
traces/stage5_scale/3b/ov0_none_seed11.csv,shift,11,15,post,red,A,A,1,0.4,A|A|C|B|?,C,NO|NO|NO,0.000,0.000,NO|NO|NO,NO|NO|NO,0
traces/stage5_scale/3b/ov0_none_seed11.csv,shift,11,16,post,blue,B,C,0,0.6,B|A|A|B|B,B,NO|NO|NO,0.000,0.000,NO|NO|NO,NO|NO|NO,0
traces/stage5_scale/3b/ov0_none_seed11.csv,shift,11,17,post,blue,C,C,1,0.6,C|C|C|B|B,B,NO|NO|NO,0.000,0.000,NO|NO|NO,NO|NO|NO,0
traces/stage5_scale/3b/ov0_none_seed11.csv,shift,11,18,post,green,B,B,1,0.8,B|B|A|B|B,A,NO|NO|NO,0.000,0.000,NO|NO|NO,NO|NO|NO,0
traces/stage5_scale/3b/ov0_none_seed11.csv,shift,11,19,post,green,B,B,1,0.6,B|B|B|A|C,A,NO|NO|NO,0.000,0.000,NO|NO|NO,NO|NO|NO,0
traces/stage5_scale/3b/ov0_none_seed12.csv,shift,12,0,pre,red,C,C,1,0.6,C|A|C|B|C,,,,,,,1
traces/stage5_scale/3b/ov0_none_seed12.csv,shift,12,1,pre,red,A,C,0,0.4,C|A|A|B|B,,,,,,,1
traces/stage5_scale/3b/ov0_none_seed12.csv,shift,12,2,pre,green,A,A,1,0.6,A|A|A|C|B,,,,,,,1
traces/stage5_scale/3b/ov0_none_seed12.csv,shift,12,3,pre,green,B,A,0,0.4,B|A|A|B|C,,,,,,,1
traces/stage5_scale/3b/ov0_none_seed12.csv,shift,12,4,pre,green,A,A,1,0.6,A|A|A|C|B,,,,,,,1
traces/stage5_scale/3b/ov0_none_seed12.csv,shift,12,5,pre,red,B,C,0,0.6,B|A|C|B|B,,,,,,,1
traces/stage5_scale/3b/ov0_none_seed12.csv,shift,12,6,pre,blue,B,B,1,0.4,B|A|A|B|C,,,,,,,1
traces/stage5_scale/3b/ov0_none_seed12.csv,shift,12,7,pre,red,C,C,1,1.0,C|C|C|C|C,C,NO|NO|NO,0.000,0.000,NO|NO|NO,NO|NO|NO,0
traces/stage5_scale/3b/ov0_none_seed12.csv,shift,12,8,pre,blue,B,B,1,0.8,B|A|B|B|B,B,NO|NO|NO,0.000,0.000,NO|NO|NO,NO|NO|NO,0
traces/stage5_scale/3b/ov0_none_seed12.csv,shift,12,9,pre,red,B,C,0,0.6,A|A|B|B|B,C,NO|NO|NO,0.000,0.000,NO|NO|NO,NO|NO|NO,0
traces/stage5_scale/3b/ov0_none_seed12.csv,shift,12,10,post,red,C,A,0,0.6,C|C|B|A|C,C,NO|NO|NO,0.000,0.000,NO|NO|NO,NO|NO|NO,0
traces/stage5_scale/3b/ov0_none_seed12.csv,shift,12,11,post,red,A,A,1,0.6,A|A|B|A|C,C,NO|NO|NO,0.000,0.000,NO|NO|NO,NO|NO|NO,0
traces/stage5_scale/3b/ov0_none_seed12.csv,shift,12,12,post,green,A,B,0,0.8,A|A|A|B|A,A,NO|NO|NO,0.000,0.000,NO|NO|NO,NO|NO|NO,0
traces/stage5_scale/3b/ov0_none_seed12.csv,shift,12,13,post,red,B,A,0,0.6,B|A|B|B|A,C,NO|NO|NO,0.000,0.000,NO|NO|NO,NO|NO|NO,0
traces/stage5_scale/3b/ov0_none_seed12.csv,shift,12,14,post,green,B,B,1,0.6,A|B|B|C|B,A,NO|NO|NO,0.000,0.000,NO|NO|NO,NO|NO|NO,0
traces/stage5_scale/3b/ov0_none_seed12.csv,shift,12,15,post,green,B,B,1,0.4,B|A|A|B|C,A,NO|NO|NO,0.000,0.000,NO|NO|NO,NO|NO|NO,0
traces/stage5_scale/3b/ov0_none_seed12.csv,shift,12,16,post,blue,A,C,0,0.4,A|A|B|B|C,B,NO|NO|NO,0.000,0.000,NO|NO|NO,NO|NO|NO,0
traces/stage5_scale/3b/ov0_none_seed12.csv,shift,12,17,post,green,B,B,1,0.8,B|B|B|?|B,A,NO|NO|NO,0.000,0.000,NO|NO|NO,NO|NO|NO,0
traces/stage5_scale/3b/ov0_none_seed12.csv,shift,12,18,post,blue,B,C,0,0.8,A|B|B|B|B,B,NO|NO|NO,0.000,0.000,NO|NO|NO,NO|NO|NO,0
traces/stage5_scale/3b/ov0_none_seed12.csv,shift,12,19,post,green,B,B,1,0.6,A|B|A|B|B,B,NO|NO|NO,0.000,0.000,NO|NO|NO,NO|NO|NO,0
traces/stage5_scale/3b/ov0_none_seed13.csv,shift,13,0,pre,red,C,C,1,0.6,C|A|C|?|C,,,,,,,1
traces/stage5_scale/3b/ov0_none_seed13.csv,shift,13,1,pre,red,C,C,1,0.6,C|A|C|C|A,,,,,,,1
traces/stage5_scale/3b/ov0_none_seed13.csv,shift,13,2,pre,green,A,A,1,0.6,A|A|A|B|B,,,,,,,1
traces/stage5_scale/3b/ov0_none_seed13.csv,shift,13,3,pre,green,A,A,1,0.6,A|A|A|C|C,,,,,,,1
traces/stage5_scale/3b/ov0_none_seed13.csv,shift,13,4,pre,blue,B,B,1,0.4,B|B|A|C|C,,,,,,,1
traces/stage5_scale/3b/ov0_none_seed13.csv,shift,13,5,pre,green,B,A,0,0.6,A|A|B|B|B,A,NO|NO|NO,0.000,0.000,NO|NO|NO,NO|NO|NO,0
traces/stage5_scale/3b/ov0_none_seed13.csv,shift,13,6,pre,blue,B,B,1,0.6,B|A|B|A|B,B,NO|NO|NO,0.000,0.000,NO|NO|NO,NO|NO|NO,0
traces/stage5_scale/3b/ov0_none_seed13.csv,shift,13,7,pre,green,A,A,1,0.8,A|A|A|A|C,A,NO|NO|NO,0.000,0.000,NO|NO|NO,NO|NO|NO,0
traces/stage5_scale/3b/ov0_none_seed13.csv,shift,13,8,pre,blue,A,B,0,0.6,B|A|A|A|C,B,NO|NO|NO,0.000,0.000,NO|NO|NO,NO|NO|NO,0
traces/stage5_scale/3b/ov0_none_seed13.csv,shift,13,9,pre,blue,A,B,0,0.6,A|A|B|A|B,B,NO|NO|NO,0.000,0.000,NO|NO|NO,NO|NO|NO,0
traces/stage5_scale/3b/ov0_none_seed13.csv,shift,13,10,post,green,A,B,0,0.8,A|A|B|A|A,A,NO|NO|NO,0.000,0.000,NO|NO|NO,NO|NO|NO,0
traces/stage5_scale/3b/ov0_none_seed13.csv,shift,13,11,post,green,A,B,0,0.8,A|A|A|A|C,A,NO|NO|NO,0.000,0.000,NO|NO|NO,NO|NO|NO,0
traces/stage5_scale/3b/ov0_none_seed13.csv,shift,13,12,post,blue,B,C,0,0.4,B|A|A|B|C,B,NO|NO|NO,0.000,0.000,NO|NO|NO,NO|NO|NO,0
traces/stage5_scale/3b/ov0_none_seed13.csv,shift,13,13,post,blue,C,C,1,0.6,C|B|C|B|C,B,NO|NO|NO,0.000,0.000,NO|NO|NO,NO|NO|NO,0
traces/stage5_scale/3b/ov0_none_seed13.csv,shift,13,14,post,blue,C,C,1,0.8,C|C|C|B|C,B,NO|NO|NO,0.000,0.000,NO|NO|NO,NO|NO|NO,0
traces/stage5_scale/3b/ov0_none_seed13.csv,shift,13,15,post,green,B,B,1,0.6,A|B|C|B|B,A,NO|NO|NO,0.000,0.000,NO|NO|NO,NO|NO|NO,0
traces/stage5_scale/3b/ov0_none_seed13.csv,shift,13,16,post,blue,C,C,1,0.6,C|A|C|B|C,B,NO|NO|NO,0.000,0.000,NO|NO|NO,NO|NO|NO,0
traces/stage5_scale/3b/ov0_none_seed13.csv,shift,13,17,post,green,B,B,1,0.6,B|C|A|B|B,A,NO|NO|NO,0.000,0.000,NO|NO|NO,NO|NO|NO,0
traces/stage5_scale/3b/ov0_none_seed13.csv,shift,13,18,post,red,A,A,1,0.4,A|A|C|B|C,C,NO|NO|NO,0.000,0.000,NO|NO|NO,NO|NO|NO,0
traces/stage5_scale/3b/ov0_none_seed13.csv,shift,13,19,post,blue,C,C,1,0.8,C|C|C|B|C,B,NO|NO|NO,0.000,0.000,NO|NO|NO,NO|NO|NO,0
traces/stage5_scale/3b/ov0_none_seed14.csv,shift,14,0,pre,blue,A,B,0,0.4,B|A|C|A|C,,,,,,,1
traces/stage5_scale/3b/ov0_none_seed14.csv,shift,14,1,pre,green,A,A,1,0.8,A|A|A|A|B,,,,,,,1
traces/stage5_scale/3b/ov0_none_seed14.csv,shift,14,2,pre,green,A,A,1,0.6,A|A|A|C|C,,,,,,,1
traces/stage5_scale/3b/ov0_none_seed14.csv,shift,14,3,pre,green,A,A,1,0.8,A|A|A|A|C,,,,,,,1
traces/stage5_scale/3b/ov0_none_seed14.csv,shift,14,4,pre,green,A,A,1,0.6,A|A|C|A|B,,,,,,,1
traces/stage5_scale/3b/ov0_none_seed14.csv,shift,14,5,pre,blue,B,B,1,0.8,B|A|B|B|B,,,,,,,1
traces/stage5_scale/3b/ov0_none_seed14.csv,shift,14,6,pre,red,A,C,0,0.6,A|B|A|A|B,,,,,,,1
traces/stage5_scale/3b/ov0_none_seed14.csv,shift,14,7,pre,green,A,A,1,0.6,A|A|B|A|B,A,NO|NO|NO,0.000,0.000,NO|NO|NO,NO|NO|NO,0
traces/stage5_scale/3b/ov0_none_seed14.csv,shift,14,8,pre,red,A,C,0,0.6,A|A|A|B|C,A,NO|NO|NO,0.000,0.000,NO|NO|NO,NO|NO|NO,0
traces/stage5_scale/3b/ov0_none_seed14.csv,shift,14,9,pre,red,C,C,1,0.4,C|C|A|B|A,A,NO|NO|NO,0.000,0.000,NO|NO|NO,NO|NO|NO,0
traces/stage5_scale/3b/ov0_none_seed14.csv,shift,14,10,post,green,A,B,0,0.4,A|A|B|B|C,A,NO|NO|NO,0.000,0.000,NO|NO|NO,NO|NO|NO,0
traces/stage5_scale/3b/ov0_none_seed14.csv,shift,14,11,post,blue,B,C,0,0.6,B|A|A|B|B,A,NO|NO|NO,0.000,0.000,NO|NO|NO,NO|NO|NO,0
traces/stage5_scale/3b/ov0_none_seed14.csv,shift,14,12,post,green,C,B,0,0.6,A|A|C|C|C,A,NO|NO|NO,0.000,0.000,NO|NO|NO,NO|NO|NO,0
traces/stage5_scale/3b/ov0_none_seed14.csv,shift,14,13,post,red,C,A,0,0.6,C|A|C|C|B,A,NO|NO|NO,0.000,0.000,NO|NO|NO,NO|NO|NO,0
traces/stage5_scale/3b/ov0_none_seed14.csv,shift,14,14,post,red,B,A,0,0.6,C|A|B|B|B,A,NO|NO|NO,0.000,0.000,NO|NO|NO,NO|NO|NO,0
traces/stage5_scale/3b/ov0_none_seed14.csv,shift,14,15,post,red,A,A,1,0.4,A|B|B|A|C,A,NO|NO|NO,0.000,0.000,NO|NO|NO,NO|NO|NO,0
traces/stage5_scale/3b/ov0_none_seed14.csv,shift,14,16,post,green,A,B,0,0.4,A|A|B|B|C,A,NO|NO|NO,0.000,0.000,NO|NO|NO,NO|NO|NO,0
traces/stage5_scale/3b/ov0_none_seed14.csv,shift,14,17,post,red,A,A,1,0.4,A|A|B|C|C,A,NO|NO|NO,0.000,0.000,NO|NO|NO,NO|NO|NO,0
traces/stage5_scale/3b/ov0_none_seed14.csv,shift,14,18,post,red,A,A,1,0.6,A|A|A|B|B,A,NO|NO|NO,0.000,0.000,NO|NO|NO,NO|NO|NO,0
traces/stage5_scale/3b/ov0_none_seed14.csv,shift,14,19,post,blue,A,C,0,0.6,A|A|A|B|C,B,NO|NO|NO,0.000,0.000,NO|NO|NO,NO|NO|NO,0
traces/stage5_scale/3b/ov0_none_seed15.csv,shift,15,0,pre,blue,A,B,0,0.6,B|A|A|C|A,,,,,,,1
traces/stage5_scale/3b/ov0_none_seed15.csv,shift,15,1,pre,blue,B,B,1,0.6,B|A|B|B|A,,,,,,,1
traces/stage5_scale/3b/ov0_none_seed15.csv,shift,15,2,pre,green,B,A,0,0.6,A|A|B|B|B,,,,,,,1
traces/stage5_scale/3b/ov0_none_seed15.csv,shift,15,3,pre,green,A,A,1,0.6,A|B|A|A|B,,,,,,,1
traces/stage5_scale/3b/ov0_none_seed15.csv,shift,15,4,pre,blue,B,B,1,0.4,B|A|A|B|C,,,,,,,1
traces/stage5_scale/3b/ov0_none_seed15.csv,shift,15,5,pre,blue,B,B,1,0.4,B|A|A|B|C,,,,,,,1
traces/stage5_scale/3b/ov0_none_seed15.csv,shift,15,6,pre,blue,B,B,1,0.6,B|A|B|C|B,,,,,,,1
traces/stage5_scale/3b/ov0_none_seed15.csv,shift,15,7,pre,blue,B,B,1,0.4,B|A|A|B|C,,,,,,,1
traces/stage5_scale/3b/ov0_none_seed15.csv,shift,15,8,pre,blue,B,B,1,0.6,B|B|A|B|C,,,,,,,1
traces/stage5_scale/3b/ov0_none_seed15.csv,shift,15,9,pre,green,B,A,0,0.4,B|A|B|A|C,,,,,,,1
traces/stage5_scale/3b/ov0_none_seed15.csv,shift,15,10,post,blue,B,C,0,0.8,B|A|B|B|B,,,,,,,1
traces/stage5_scale/3b/ov0_none_seed15.csv,shift,15,11,post,green,A,B,0,0.4,A|A|C|B|C,,,,,,,1
traces/stage5_scale/3b/ov0_none_seed15.csv,shift,15,12,post,red,C,A,0,0.6,C|A|C|B|C,,,,,,,1
traces/stage5_scale/3b/ov0_none_seed15.csv,shift,15,13,post,blue,B,C,0,0.8,B|B|C|B|B,B,NO|NO|NO,0.000,0.000,NO|NO|NO,NO|NO|NO,0
traces/stage5_scale/3b/ov0_none_seed15.csv,shift,15,14,post,blue,B,C,0,0.4,B|C|C|A|B,B,NO|NO|NO,0.000,0.000,NO|NO|NO,NO|NO|NO,0
traces/stage5_scale/3b/ov0_none_seed15.csv,shift,15,15,post,red,A,A,1,0.4,A|B|A|C|B,C,NO|NO|NO,0.000,0.000,NO|NO|NO,NO|NO|NO,0
traces/stage5_scale/3b/ov0_none_seed15.csv,shift,15,16,post,red,C,A,0,0.6,A|A|C|C|C,C,NO|NO|NO,0.000,0.000,NO|NO|NO,NO|NO|NO,0
traces/stage5_scale/3b/ov0_none_seed15.csv,shift,15,17,post,green,A,B,0,0.4,A|C|A|B|B,B,NO|NO|NO,0.000,0.000,NO|NO|NO,NO|NO|NO,0
traces/stage5_scale/3b/ov0_none_seed15.csv,shift,15,18,post,red,C,A,0,0.4,C|A|C|B|B,C,NO|NO|NO,0.000,0.000,NO|NO|NO,NO|NO|NO,0
traces/stage5_scale/3b/ov0_none_seed15.csv,shift,15,19,post,red,C,A,0,0.6,C|A|C|B|C,C,NO|NO|NO,0.000,0.000,NO|NO|NO,NO|NO|NO,0
traces/stage5_scale/3b/ov0_none_seed16.csv,shift,16,0,pre,red,C,C,1,0.8,C|C|C|C|B,,,,,,,1
traces/stage5_scale/3b/ov0_none_seed16.csv,shift,16,1,pre,red,C,C,1,0.4,C|A|C|B|B,,,,,,,1
traces/stage5_scale/3b/ov0_none_seed16.csv,shift,16,2,pre,red,B,C,0,0.6,C|B|C|B|B,,,,,,,1
traces/stage5_scale/3b/ov0_none_seed16.csv,shift,16,3,pre,red,B,C,0,0.6,B|C|C|B|B,,,,,,,1
traces/stage5_scale/3b/ov0_none_seed16.csv,shift,16,4,pre,red,B,C,0,0.6,B|A|C|B|B,,,,,,,1
traces/stage5_scale/3b/ov0_none_seed16.csv,shift,16,5,pre,blue,A,B,0,0.6,A|A|C|A|B,,,,,,,1
traces/stage5_scale/3b/ov0_none_seed16.csv,shift,16,6,pre,red,B,C,0,1.0,B|B|B|B|B,,,,,,,1
traces/stage5_scale/3b/ov0_none_seed16.csv,shift,16,7,pre,blue,A,B,0,0.4,A|A|B|B|C,,,,,,,1
traces/stage5_scale/3b/ov0_none_seed16.csv,shift,16,8,pre,red,C,C,1,0.6,A|C|C|C|B,,,,,,,1
traces/stage5_scale/3b/ov0_none_seed16.csv,shift,16,9,pre,green,A,A,1,0.4,A|A|B|B|C,,,,,,,1
traces/stage5_scale/3b/ov0_none_seed16.csv,shift,16,10,post,green,A,B,0,0.8,A|A|A|A|B,A,NO|NO|NO,0.000,0.000,NO|NO|NO,NO|NO|NO,0
traces/stage5_scale/3b/ov0_none_seed16.csv,shift,16,11,post,red,A,A,1,0.4,A|C|A|B|C,B,NO|NO|NO,0.000,0.000,NO|NO|NO,NO|NO|NO,0
traces/stage5_scale/3b/ov0_none_seed16.csv,shift,16,12,post,blue,A,C,0,0.4,A|A|B|B|C,A,NO|NO|NO,0.000,0.000,NO|NO|NO,NO|NO|NO,0
traces/stage5_scale/3b/ov0_none_seed16.csv,shift,16,13,post,green,A,B,0,0.6,A|A|A|B|C,A,NO|NO|NO,0.000,0.000,NO|NO|NO,NO|NO|NO,0
traces/stage5_scale/3b/ov0_none_seed16.csv,shift,16,14,post,blue,A,C,0,0.6,B|A|A|A|B,A,NO|NO|NO,0.000,0.000,NO|NO|NO,NO|NO|NO,0
traces/stage5_scale/3b/ov0_none_seed16.csv,shift,16,15,post,blue,A,C,0,0.4,A|C|A|B|B,A,NO|NO|NO,0.000,0.000,NO|NO|NO,NO|NO|NO,0
traces/stage5_scale/3b/ov0_none_seed16.csv,shift,16,16,post,red,A,A,1,0.8,A|A|A|A|?,B,NO|NO|NO,0.000,0.000,NO|NO|NO,NO|NO|NO,0
traces/stage5_scale/3b/ov0_none_seed16.csv,shift,16,17,post,red,A,A,1,0.4,A|C|A|B|C,B,NO|NO|NO,0.000,0.000,NO|NO|NO,NO|NO|NO,0
traces/stage5_scale/3b/ov0_none_seed16.csv,shift,16,18,post,red,A,A,1,0.6,A|A|A|B|C,B,NO|NO|NO,0.000,0.000,NO|NO|NO,NO|NO|NO,0
traces/stage5_scale/3b/ov0_none_seed16.csv,shift,16,19,post,green,B,B,1,0.8,B|B|A|B|B,A,NO|NO|NO,0.000,0.000,NO|NO|NO,NO|NO|NO,0
traces/stage5_scale/3b/ov0_none_seed17.csv,shift,17,0,pre,green,A,A,1,0.6,A|A|A|C|B,,,,,,,1
traces/stage5_scale/3b/ov0_none_seed17.csv,shift,17,1,pre,red,C,C,1,0.4,C|A|B|C|B,,,,,,,1
traces/stage5_scale/3b/ov0_none_seed17.csv,shift,17,2,pre,red,C,C,1,0.8,C|C|C|B|C,,,,,,,1
traces/stage5_scale/3b/ov0_none_seed17.csv,shift,17,3,pre,red,C,C,1,0.8,C|C|C|?|C,,,,,,,1
traces/stage5_scale/3b/ov0_none_seed17.csv,shift,17,4,pre,red,C,C,1,0.4,C|A|C|B|B,,,,,,,1
traces/stage5_scale/3b/ov0_none_seed17.csv,shift,17,5,pre,blue,C,B,0,0.4,A|C|B|B|C,,,,,,,1
traces/stage5_scale/3b/ov0_none_seed17.csv,shift,17,6,pre,green,A,A,1,0.4,A|A|B|B|C,A,NO|NO|NO,0.000,0.000,NO|NO|NO,NO|NO|NO,0
traces/stage5_scale/3b/ov0_none_seed17.csv,shift,17,7,pre,green,A,A,1,0.8,A|A|A|A|C,A,NO|NO|NO,0.000,0.000,NO|NO|NO,NO|NO|NO,0
traces/stage5_scale/3b/ov0_none_seed17.csv,shift,17,8,pre,green,A,A,1,0.6,A|A|A|B|C,A,NO|NO|NO,0.000,0.000,NO|NO|NO,NO|NO|NO,0
traces/stage5_scale/3b/ov0_none_seed17.csv,shift,17,9,pre,green,A,A,1,0.8,A|A|A|B|A,A,NO|NO|NO,0.000,0.000,NO|NO|NO,NO|NO|NO,0
traces/stage5_scale/3b/ov0_none_seed17.csv,shift,17,10,post,red,B,A,0,0.8,C|B|B|B|B,C,NO|NO|NO,0.000,0.000,NO|NO|NO,NO|NO|NO,0
traces/stage5_scale/3b/ov0_none_seed17.csv,shift,17,11,post,blue,A,C,0,0.4,A|A|C|B|C,C,NO|NO|NO,0.000,0.000,NO|NO|NO,NO|NO|NO,0
traces/stage5_scale/3b/ov0_none_seed17.csv,shift,17,12,post,blue,C,C,1,0.6,C|A|B|C|C,C,NO|NO|NO,0.000,0.000,NO|NO|NO,NO|NO|NO,0
traces/stage5_scale/3b/ov0_none_seed17.csv,shift,17,13,post,blue,C,C,1,0.4,C|A|B|B|C,C,NO|NO|NO,0.000,0.000,NO|NO|NO,NO|NO|NO,0
traces/stage5_scale/3b/ov0_none_seed17.csv,shift,17,14,post,red,A,A,1,0.4,A|A|B|B|C,C,NO|NO|NO,0.000,0.000,NO|NO|NO,NO|NO|NO,0
traces/stage5_scale/3b/ov0_none_seed17.csv,shift,17,15,post,green,A,B,0,0.6,A|A|A|B|C,A,NO|NO|NO,0.000,0.000,NO|NO|NO,NO|NO|NO,0
traces/stage5_scale/3b/ov0_none_seed17.csv,shift,17,16,post,red,B,A,0,0.6,A|B|A|B|B,C,NO|NO|NO,0.000,0.000,NO|NO|NO,NO|NO|NO,0
traces/stage5_scale/3b/ov0_none_seed17.csv,shift,17,17,post,red,B,A,0,0.4,B|A|C|A|B,C,NO|NO|NO,0.000,0.000,NO|NO|NO,NO|NO|NO,0
traces/stage5_scale/3b/ov0_none_seed17.csv,shift,17,18,post,green,A,B,0,0.4,A|A|B|?|B,A,NO|NO|NO,0.000,0.000,NO|NO|NO,NO|NO|NO,0
traces/stage5_scale/3b/ov0_none_seed17.csv,shift,17,19,post,red,A,A,1,0.4,A|A|B|B|C,C,NO|NO|NO,0.000,0.000,NO|NO|NO,NO|NO|NO,0
traces/stage5_scale/3b/ov0_none_seed18.csv,shift,18,0,pre,blue,B,B,1,0.6,B|C|B|C|B,,,,,,,1
traces/stage5_scale/3b/ov0_none_seed18.csv,shift,18,1,pre,blue,A,B,0,0.4,B|A|A|C|C,,,,,,,1
traces/stage5_scale/3b/ov0_none_seed18.csv,shift,18,2,pre,green,A,A,1,0.6,A|A|A|C|B,,,,,,,1
traces/stage5_scale/3b/ov0_none_seed18.csv,shift,18,3,pre,red,A,C,0,0.6,A|A|A|B|C,,,,,,,1
traces/stage5_scale/3b/ov0_none_seed18.csv,shift,18,4,pre,red,C,C,1,0.6,C|A|C|B|C,A,NO|NO|NO,0.000,0.000,NO|NO|NO,NO|NO|NO,0
traces/stage5_scale/3b/ov0_none_seed18.csv,shift,18,5,pre,blue,B,B,1,0.6,B|A|A|B|B,B,NO|NO|NO,0.000,0.000,NO|NO|NO,NO|NO|NO,0
traces/stage5_scale/3b/ov0_none_seed18.csv,shift,18,6,pre,blue,B,B,1,0.6,B|B|A|B|C,B,NO|NO|NO,0.000,0.000,NO|NO|NO,NO|NO|NO,0
traces/stage5_scale/3b/ov0_none_seed18.csv,shift,18,7,pre,red,A,C,0,0.4,C|A|A|B|B,A,NO|NO|NO,0.000,0.000,NO|NO|NO,NO|NO|NO,0
traces/stage5_scale/3b/ov0_none_seed18.csv,shift,18,8,pre,green,A,A,1,0.6,A|A|A|B|B,A,NO|NO|NO,0.000,0.000,NO|NO|NO,NO|NO|NO,0
traces/stage5_scale/3b/ov0_none_seed18.csv,shift,18,9,pre,red,C,C,1,0.4,A|C|C|B|B,A,NO|NO|NO,0.000,0.000,NO|NO|NO,NO|NO|NO,0
traces/stage5_scale/3b/ov0_none_seed18.csv,shift,18,10,post,blue,B,C,0,0.6,C|A|B|B|B,B,NO|NO|NO,0.000,0.000,NO|NO|NO,NO|NO|NO,0
traces/stage5_scale/3b/ov0_none_seed18.csv,shift,18,11,post,red,C,A,0,0.4,C|C|B|B|A,A,NO|NO|NO,0.000,0.000,NO|NO|NO,NO|NO|NO,0
traces/stage5_scale/3b/ov0_none_seed18.csv,shift,18,12,post,red,A,A,1,0.4,A|A|C|B|C,C,NO|NO|NO,0.000,0.000,NO|NO|NO,NO|NO|NO,0
traces/stage5_scale/3b/ov0_none_seed18.csv,shift,18,13,post,red,B,A,0,0.6,A|A|B|B|B,A,NO|NO|NO,0.000,0.000,NO|NO|NO,NO|NO|NO,0
traces/stage5_scale/3b/ov0_none_seed18.csv,shift,18,14,post,red,C,A,0,0.4,C|A|A|B|C,A,NO|NO|NO,0.000,0.000,NO|NO|NO,NO|NO|NO,0
traces/stage5_scale/3b/ov0_none_seed18.csv,shift,18,15,post,blue,B,C,0,0.6,A|A|B|B|B,B,NO|NO|NO,0.000,0.000,NO|NO|NO,NO|NO|NO,0
traces/stage5_scale/3b/ov0_none_seed18.csv,shift,18,16,post,red,A,A,1,0.4,A|A|C|B|C,C,NO|NO|NO,0.000,0.000,NO|NO|NO,NO|NO|NO,0
traces/stage5_scale/3b/ov0_none_seed18.csv,shift,18,17,post,green,B,B,1,0.6,A|C|B|B|B,A,NO|NO|NO,0.000,0.000,NO|NO|NO,NO|NO|NO,0
traces/stage5_scale/3b/ov0_none_seed18.csv,shift,18,18,post,blue,A,C,0,0.4,C|A|A|B|B,B,NO|NO|NO,0.000,0.000,NO|NO|NO,NO|NO|NO,0
traces/stage5_scale/3b/ov0_none_seed18.csv,shift,18,19,post,red,A,A,1,0.6,A|A|A|C|C,A,NO|NO|NO,0.000,0.000,NO|NO|NO,NO|NO|NO,0
traces/stage5_scale/3b/ov0_none_seed19.csv,shift,19,0,pre,green,A,A,1,0.6,A|A|A|?|C,,,,,,,1
traces/stage5_scale/3b/ov0_none_seed19.csv,shift,19,1,pre,blue,B,B,1,0.6,B|A|B|C|B,,,,,,,1
traces/stage5_scale/3b/ov0_none_seed19.csv,shift,19,2,pre,green,A,A,1,0.6,A|A|B|A|C,,,,,,,1
traces/stage5_scale/3b/ov0_none_seed19.csv,shift,19,3,pre,blue,B,B,1,0.6,B|A|B|B|C,,,,,,,1
traces/stage5_scale/3b/ov0_none_seed19.csv,shift,19,4,pre,green,A,A,1,0.4,B|A|A|C|C,,,,,,,1
traces/stage5_scale/3b/ov0_none_seed19.csv,shift,19,5,pre,blue,B,B,1,0.6,B|A|B|B|C,,,,,,,1
traces/stage5_scale/3b/ov0_none_seed19.csv,shift,19,6,pre,red,B,C,0,0.6,B|A|C|B|B,,,,,,,1
traces/stage5_scale/3b/ov0_none_seed19.csv,shift,19,7,pre,red,A,C,0,0.4,A|A|C|B|C,B,NO|NO|NO,0.000,0.000,NO|NO|NO,NO|NO|NO,0
traces/stage5_scale/3b/ov0_none_seed19.csv,shift,19,8,pre,green,A,A,1,0.4,A|A|B|B|C,A,NO|NO|NO,0.000,0.000,NO|NO|NO,NO|NO|NO,0
traces/stage5_scale/3b/ov0_none_seed19.csv,shift,19,9,pre,red,A,C,0,0.4,A|A|C|B|C,B,NO|NO|NO,0.000,0.000,NO|NO|NO,NO|NO|NO,0
traces/stage5_scale/3b/ov0_none_seed19.csv,shift,19,10,post,green,A,B,0,0.4,A|A|B|B|C,A,NO|NO|NO,0.000,0.000,NO|NO|NO,NO|NO|NO,0
traces/stage5_scale/3b/ov0_none_seed19.csv,shift,19,11,post,blue,B,C,0,0.4,A|B|C|B|C,B,NO|NO|NO,0.000,0.000,NO|NO|NO,NO|NO|NO,0
traces/stage5_scale/3b/ov0_none_seed19.csv,shift,19,12,post,green,A,B,0,0.6,A|B|A|A|C,A,NO|NO|NO,0.000,0.000,NO|NO|NO,NO|NO|NO,0
traces/stage5_scale/3b/ov0_none_seed19.csv,shift,19,13,post,red,A,A,1,0.6,A|A|C|B|A,A,NO|NO|NO,0.000,0.000,NO|NO|NO,NO|NO|NO,0
traces/stage5_scale/3b/ov0_none_seed19.csv,shift,19,14,post,blue,B,C,0,0.6,B|B|A|B|C,B,NO|NO|NO,0.000,0.000,NO|NO|NO,NO|NO|NO,0
traces/stage5_scale/3b/ov0_none_seed19.csv,shift,19,15,post,red,C,A,0,0.6,A|A|C|C|C,A,NO|NO|NO,0.000,0.000,NO|NO|NO,NO|NO|NO,0
traces/stage5_scale/3b/ov0_none_seed19.csv,shift,19,16,post,red,B,A,0,0.6,A|A|B|B|B,A,NO|NO|NO,0.000,0.000,NO|NO|NO,NO|NO|NO,0
traces/stage5_scale/3b/ov0_none_seed19.csv,shift,19,17,post,red,B,A,0,0.6,C|B|B|B|C,A,NO|NO|NO,0.000,0.000,NO|NO|NO,NO|NO|NO,0
traces/stage5_scale/3b/ov0_none_seed19.csv,shift,19,18,post,red,A,A,1,0.4,A|C|A|B|B,B,NO|NO|NO,0.000,0.000,NO|NO|NO,NO|NO|NO,0
traces/stage5_scale/3b/ov0_none_seed19.csv,shift,19,19,post,blue,B,C,0,0.8,B|C|B|B|B,B,NO|NO|NO,0.000,0.000,NO|NO|NO,NO|NO|NO,0
traces/stage5_scale/3b/ov0_none_seed2.csv,shift,2,0,pre,blue,?,B,0,0.4,A|B|?|?|C,,,,,,,1
traces/stage5_scale/3b/ov0_none_seed2.csv,shift,2,1,pre,blue,B,B,1,0.8,B|B|B|B|A,,,,,,,1
traces/stage5_scale/3b/ov0_none_seed2.csv,shift,2,2,pre,blue,A,B,0,0.6,B|A|A|A|C,,,,,,,1
traces/stage5_scale/3b/ov0_none_seed2.csv,shift,2,3,pre,red,C,C,1,0.4,C|B|B|C|A,,,,,,,1
traces/stage5_scale/3b/ov0_none_seed2.csv,shift,2,4,pre,blue,B,B,1,0.4,B|A|C|C|B,,,,,,,1
traces/stage5_scale/3b/ov0_none_seed2.csv,shift,2,5,pre,green,B,A,0,0.6,A|A|B|B|B,,,,,,,1
traces/stage5_scale/3b/ov0_none_seed2.csv,shift,2,6,pre,green,A,A,1,0.8,A|A|A|A|B,B,NO|NO|NO,0.000,0.000,NO|NO|NO,NO|NO|NO,0
traces/stage5_scale/3b/ov0_none_seed2.csv,shift,2,7,pre,red,B,C,0,0.4,B|A|C|B|C,C,NO|NO|NO,0.000,0.000,NO|NO|NO,NO|NO|NO,0
traces/stage5_scale/3b/ov0_none_seed2.csv,shift,2,8,pre,red,B,C,0,0.6,A|A|B|B|B,C,NO|NO|NO,0.000,0.000,NO|NO|NO,NO|NO|NO,0
traces/stage5_scale/3b/ov0_none_seed2.csv,shift,2,9,pre,green,B,A,0,0.6,A|A|B|B|B,B,NO|NO|NO,0.000,0.000,NO|NO|NO,NO|NO|NO,0
traces/stage5_scale/3b/ov0_none_seed2.csv,shift,2,10,post,blue,B,C,0,0.4,B|B|A|C|C,B,NO|NO|NO,0.000,0.000,NO|NO|NO,NO|NO|NO,0
traces/stage5_scale/3b/ov0_none_seed2.csv,shift,2,11,post,green,A,B,0,0.6,A|A|A|C|B,B,NO|NO|NO,0.000,0.000,NO|NO|NO,NO|NO|NO,0
traces/stage5_scale/3b/ov0_none_seed2.csv,shift,2,12,post,blue,B,C,0,0.6,B|A|B|C|B,B,NO|NO|NO,0.000,0.000,NO|NO|NO,NO|NO|NO,0
traces/stage5_scale/3b/ov0_none_seed2.csv,shift,2,13,post,green,B,B,1,0.6,A|C|B|B|B,B,NO|NO|NO,0.000,0.000,NO|NO|NO,NO|NO|NO,0
traces/stage5_scale/3b/ov0_none_seed2.csv,shift,2,14,post,green,A,B,0,0.4,A|B|A|B|C,B,NO|NO|NO,0.000,0.000,NO|NO|NO,NO|NO|NO,0
traces/stage5_scale/3b/ov0_none_seed2.csv,shift,2,15,post,blue,C,C,1,0.4,C|A|B|B|C,B,NO|NO|NO,0.000,0.000,NO|NO|NO,NO|NO|NO,0
traces/stage5_scale/3b/ov0_none_seed2.csv,shift,2,16,post,red,C,A,0,0.4,A|C|B|B|C,B,NO|NO|NO,0.000,0.000,NO|NO|NO,NO|NO|NO,0
traces/stage5_scale/3b/ov0_none_seed2.csv,shift,2,17,post,green,B,B,1,1.0,B|B|B|B|B,B,NO|NO|NO,0.000,0.000,NO|NO|NO,NO|NO|NO,0
traces/stage5_scale/3b/ov0_none_seed2.csv,shift,2,18,post,red,C,A,0,0.8,C|B|C|C|C,C,NO|NO|NO,0.000,0.000,NO|NO|NO,NO|NO|NO,0
traces/stage5_scale/3b/ov0_none_seed2.csv,shift,2,19,post,green,B,B,1,0.6,A|B|B|B|C,B,NO|NO|NO,0.000,0.000,NO|NO|NO,NO|NO|NO,0
traces/stage5_scale/3b/ov0_none_seed20.csv,shift,20,0,pre,green,A,A,1,0.6,A|A|A|C|B,,,,,,,1
traces/stage5_scale/3b/ov0_none_seed20.csv,shift,20,1,pre,green,A,A,1,0.6,A|A|A|C|B,,,,,,,1
traces/stage5_scale/3b/ov0_none_seed20.csv,shift,20,2,pre,blue,C,B,0,0.6,C|A|A|C|C,,,,,,,1
traces/stage5_scale/3b/ov0_none_seed20.csv,shift,20,3,pre,red,A,C,0,0.4,A|A|C|B|B,,,,,,,1
traces/stage5_scale/3b/ov0_none_seed20.csv,shift,20,4,pre,green,A,A,1,0.6,A|A|A|B|C,A,NO|NO|NO,0.000,0.000,NO|NO|NO,NO|NO|NO,0
traces/stage5_scale/3b/ov0_none_seed20.csv,shift,20,5,pre,green,A,A,1,0.6,A|A|A|C|B,A,NO|NO|NO,0.000,0.000,NO|NO|NO,NO|NO|NO,0
traces/stage5_scale/3b/ov0_none_seed20.csv,shift,20,6,pre,blue,B,B,1,0.6,B|A|B|B|C,C,NO|NO|NO,0.000,0.000,NO|NO|NO,NO|NO|NO,0
traces/stage5_scale/3b/ov0_none_seed20.csv,shift,20,7,pre,red,C,C,1,0.4,C|A|A|C|B,A,NO|NO|NO,0.000,0.000,NO|NO|NO,NO|NO|NO,0
traces/stage5_scale/3b/ov0_none_seed20.csv,shift,20,8,pre,green,A,A,1,0.6,A|A|A|B|C,A,NO|NO|NO,0.000,0.000,NO|NO|NO,NO|NO|NO,0
traces/stage5_scale/3b/ov0_none_seed20.csv,shift,20,9,pre,blue,B,B,1,0.6,B|A|B|B|C,C,NO|NO|NO,0.000,0.000,NO|NO|NO,NO|NO|NO,0
traces/stage5_scale/3b/ov0_none_seed20.csv,shift,20,10,post,blue,B,C,0,0.4,B|A|A|B|C,B,NO|NO|NO,0.000,0.000,NO|NO|NO,NO|NO|NO,0
traces/stage5_scale/3b/ov0_none_seed20.csv,shift,20,11,post,red,C,A,0,0.4,C|B|A|A|C,A,NO|NO|NO,0.000,0.000,NO|NO|NO,NO|NO|NO,0
traces/stage5_scale/3b/ov0_none_seed20.csv,shift,20,12,post,red,A,A,1,0.6,A|A|A|B|C,C,NO|NO|NO,0.000,0.000,NO|NO|NO,NO|NO|NO,0
traces/stage5_scale/3b/ov0_none_seed20.csv,shift,20,13,post,blue,A,C,0,0.4,A|A|B|C|B,B,NO|NO|NO,0.000,0.000,NO|NO|NO,NO|NO|NO,0
traces/stage5_scale/3b/ov0_none_seed20.csv,shift,20,14,post,blue,B,C,0,0.6,A|C|B|B|B,B,NO|NO|NO,0.000,0.000,NO|NO|NO,NO|NO|NO,0
traces/stage5_scale/3b/ov0_none_seed20.csv,shift,20,15,post,blue,C,C,1,0.6,C|C|A|B|C,B,NO|NO|NO,0.000,0.000,NO|NO|NO,NO|NO|NO,0
traces/stage5_scale/3b/ov0_none_seed20.csv,shift,20,16,post,red,B,A,0,0.4,B|A|A|C|B,A,NO|NO|NO,0.000,0.000,NO|NO|NO,NO|NO|NO,0
traces/stage5_scale/3b/ov0_none_seed20.csv,shift,20,17,post,red,C,A,0,0.4,C|A|C|B|B,A,NO|NO|NO,0.000,0.000,NO|NO|NO,NO|NO|NO,0
traces/stage5_scale/3b/ov0_none_seed20.csv,shift,20,18,post,green,A,B,0,0.4,A|A|B|B|C,A,NO|NO|NO,0.000,0.000,NO|NO|NO,NO|NO|NO,0
traces/stage5_scale/3b/ov0_none_seed20.csv,shift,20,19,post,red,A,A,1,0.6,A|A|A|B|C,C,NO|NO|NO,0.000,0.000,NO|NO|NO,NO|NO|NO,0
traces/stage5_scale/3b/ov0_none_seed21.csv,shift,21,0,pre,blue,B,B,1,0.8,B|B|?|B|B,,,,,,,1
traces/stage5_scale/3b/ov0_none_seed21.csv,shift,21,1,pre,red,C,C,1,0.6,C|A|C|B|C,,,,,,,1
traces/stage5_scale/3b/ov0_none_seed21.csv,shift,21,2,pre,green,A,A,1,0.6,A|A|A|B|B,,,,,,,1
traces/stage5_scale/3b/ov0_none_seed21.csv,shift,21,3,pre,red,C,C,1,0.8,C|C|C|B|C,C,NO|NO|NO,0.000,0.000,NO|NO|NO,NO|NO|NO,0
traces/stage5_scale/3b/ov0_none_seed21.csv,shift,21,4,pre,green,A,A,1,0.8,A|A|A|A|B,A,NO|NO|NO,0.000,0.000,NO|NO|NO,NO|NO|NO,0
traces/stage5_scale/3b/ov0_none_seed21.csv,shift,21,5,pre,red,C,C,1,0.4,C|A|A|B|C,C,NO|NO|NO,0.000,0.000,NO|NO|NO,NO|NO|NO,0
traces/stage5_scale/3b/ov0_none_seed21.csv,shift,21,6,pre,red,B,C,0,0.6,B|A|B|A|B,C,NO|NO|NO,0.000,0.000,NO|NO|NO,NO|NO|NO,0
traces/stage5_scale/3b/ov0_none_seed21.csv,shift,21,7,pre,blue,B,B,1,0.4,B|A|A|B|C,B,NO|NO|NO,0.000,0.000,NO|NO|NO,NO|NO|NO,0
traces/stage5_scale/3b/ov0_none_seed21.csv,shift,21,8,pre,red,B,C,0,0.4,B|C|A|B|C,C,NO|NO|NO,0.000,0.000,NO|NO|NO,NO|NO|NO,0
traces/stage5_scale/3b/ov0_none_seed21.csv,shift,21,9,pre,green,A,A,1,0.6,A|A|B|A|C,A,NO|NO|NO,0.000,0.000,NO|NO|NO,NO|NO|NO,0
traces/stage5_scale/3b/ov0_none_seed21.csv,shift,21,10,post,blue,A,C,0,0.6,A|A|A|B|C,B,NO|NO|NO,0.000,0.000,NO|NO|NO,NO|NO|NO,0
traces/stage5_scale/3b/ov0_none_seed21.csv,shift,21,11,post,green,A,B,0,0.6,A|A|A|B|C,A,NO|NO|NO,0.000,0.000,NO|NO|NO,NO|NO|NO,0
traces/stage5_scale/3b/ov0_none_seed21.csv,shift,21,12,post,green,B,B,1,0.6,A|A|B|B|B,A,NO|NO|NO,0.000,0.000,NO|NO|NO,NO|NO|NO,0
traces/stage5_scale/3b/ov0_none_seed21.csv,shift,21,13,post,blue,B,C,0,0.6,B|C|B|B|C,B,NO|NO|NO,0.000,0.000,NO|NO|NO,NO|NO|NO,0
traces/stage5_scale/3b/ov0_none_seed21.csv,shift,21,14,post,blue,C,C,1,0.6,C|A|C|B|C,B,NO|NO|NO,0.000,0.000,NO|NO|NO,NO|NO|NO,0
traces/stage5_scale/3b/ov0_none_seed21.csv,shift,21,15,post,blue,B,C,0,0.6,C|A|B|B|B,B,NO|NO|NO,0.000,0.000,NO|NO|NO,NO|NO|NO,0
traces/stage5_scale/3b/ov0_none_seed21.csv,shift,21,16,post,red,C,A,0,0.4,C|B|A|B|C,C,NO|NO|NO,0.000,0.000,NO|NO|NO,NO|NO|NO,0
traces/stage5_scale/3b/ov0_none_seed21.csv,shift,21,17,post,green,C,B,0,0.4,A|C|B|B|C,A,NO|NO|NO,0.000,0.000,NO|NO|NO,NO|NO|NO,0
traces/stage5_scale/3b/ov0_none_seed21.csv,shift,21,18,post,red,C,A,0,0.6,A|C|B|C|C,C,NO|NO|NO,0.000,0.000,NO|NO|NO,NO|NO|NO,0
traces/stage5_scale/3b/ov0_none_seed21.csv,shift,21,19,post,blue,B,C,0,0.6,B|C|B|B|C,B,NO|NO|NO,0.000,0.000,NO|NO|NO,NO|NO|NO,0
traces/stage5_scale/3b/ov0_none_seed22.csv,shift,22,0,pre,blue,B,B,1,0.6,B|A|A|B|B,,,,,,,1
traces/stage5_scale/3b/ov0_none_seed22.csv,shift,22,1,pre,blue,B,B,1,0.6,B|A|B|B|C,,,,,,,1
traces/stage5_scale/3b/ov0_none_seed22.csv,shift,22,2,pre,blue,B,B,1,0.4,B|C|A|B|C,,,,,,,1
traces/stage5_scale/3b/ov0_none_seed22.csv,shift,22,3,pre,green,B,A,0,0.6,A|A|B|B|B,,,,,,,1
traces/stage5_scale/3b/ov0_none_seed22.csv,shift,22,4,pre,red,B,C,0,0.4,B|A|A|B|C,,,,,,,1
traces/stage5_scale/3b/ov0_none_seed22.csv,shift,22,5,pre,blue,B,B,1,0.8,B|B|B|B|C,B,NO|NO|NO,0.000,0.000,NO|NO|NO,NO|NO|NO,0
traces/stage5_scale/3b/ov0_none_seed22.csv,shift,22,6,pre,green,B,A,0,0.6,B|A|B|B|C,B,NO|NO|NO,0.000,0.000,NO|NO|NO,NO|NO|NO,0
traces/stage5_scale/3b/ov0_none_seed22.csv,shift,22,7,pre,blue,B,B,1,0.6,B|A|B|B|A,B,NO|NO|NO,0.000,0.000,NO|NO|NO,NO|NO|NO,0
traces/stage5_scale/3b/ov0_none_seed22.csv,shift,22,8,pre,green,A,A,1,0.6,A|B|A|A|B,B,NO|NO|NO,0.000,0.000,NO|NO|NO,NO|NO|NO,0
traces/stage5_scale/3b/ov0_none_seed22.csv,shift,22,9,pre,green,A,A,1,0.6,A|A|A|B|B,B,NO|NO|NO,0.000,0.000,NO|NO|NO,NO|NO|NO,0
traces/stage5_scale/3b/ov0_none_seed22.csv,shift,22,10,post,red,C,A,0,0.6,C|C|B|B|C,B,NO|NO|NO,0.000,0.000,NO|NO|NO,NO|NO|NO,0
traces/stage5_scale/3b/ov0_none_seed22.csv,shift,22,11,post,blue,B,C,0,0.8,B|A|B|B|B,B,NO|NO|NO,0.000,0.000,NO|NO|NO,NO|NO|NO,0
traces/stage5_scale/3b/ov0_none_seed22.csv,shift,22,12,post,blue,B,C,0,0.8,C|B|B|B|B,B,NO|NO|NO,0.000,0.000,NO|NO|NO,NO|NO|NO,0
traces/stage5_scale/3b/ov0_none_seed22.csv,shift,22,13,post,red,C,A,0,0.6,C|A|C|B|C,B,NO|NO|NO,0.000,0.000,NO|NO|NO,NO|NO|NO,0
traces/stage5_scale/3b/ov0_none_seed22.csv,shift,22,14,post,blue,C,C,1,0.6,C|A|B|C|C,B,NO|NO|NO,0.000,0.000,NO|NO|NO,NO|NO|NO,0
traces/stage5_scale/3b/ov0_none_seed22.csv,shift,22,15,post,red,C,A,0,0.8,A|C|C|C|C,C,NO|NO|NO,0.000,0.000,NO|NO|NO,NO|NO|NO,0
traces/stage5_scale/3b/ov0_none_seed22.csv,shift,22,16,post,green,A,B,0,0.4,B|A|C|A|C,B,NO|NO|NO,0.000,0.000,NO|NO|NO,NO|NO|NO,0
traces/stage5_scale/3b/ov0_none_seed22.csv,shift,22,17,post,blue,C,C,1,0.6,C|A|C|B|C,B,NO|NO|NO,0.000,0.000,NO|NO|NO,NO|NO|NO,0
traces/stage5_scale/3b/ov0_none_seed22.csv,shift,22,18,post,green,A,B,0,0.4,A|A|C|B|C,A,NO|NO|NO,0.000,0.000,NO|NO|NO,NO|NO|NO,0
traces/stage5_scale/3b/ov0_none_seed22.csv,shift,22,19,post,green,A,B,0,0.4,A|B|A|B|C,A,NO|NO|NO,0.000,0.000,NO|NO|NO,NO|NO|NO,0
traces/stage5_scale/3b/ov0_none_seed23.csv,shift,23,0,pre,red,C,C,1,0.8,C|C|C|B|C,,,,,,,1
traces/stage5_scale/3b/ov0_none_seed23.csv,shift,23,1,pre,blue,A,B,0,0.6,A|A|A|C|C,,,,,,,1
traces/stage5_scale/3b/ov0_none_seed23.csv,shift,23,2,pre,blue,B,B,1,0.8,B|B|B|B|?,,,,,,,1
traces/stage5_scale/3b/ov0_none_seed23.csv,shift,23,3,pre,green,A,A,1,0.4,A|A|B|B|C,,,,,,,1
traces/stage5_scale/3b/ov0_none_seed23.csv,shift,23,4,pre,red,C,C,1,0.6,C|C|C|B|?,C,NO|NO|NO,0.000,0.000,NO|NO|NO,NO|NO|NO,0
traces/stage5_scale/3b/ov0_none_seed23.csv,shift,23,5,pre,red,A,C,0,0.6,A|C|A|B|A,C,NO|NO|NO,0.000,0.000,NO|NO|NO,NO|NO|NO,0
traces/stage5_scale/3b/ov0_none_seed23.csv,shift,23,6,pre,red,A,C,0,0.4,C|A|A|B|B,C,NO|NO|NO,0.000,0.000,NO|NO|NO,NO|NO|NO,0
traces/stage5_scale/3b/ov0_none_seed23.csv,shift,23,7,pre,green,A,A,1,0.6,A|A|A|C|C,A,NO|NO|NO,0.000,0.000,NO|NO|NO,NO|NO|NO,0
traces/stage5_scale/3b/ov0_none_seed23.csv,shift,23,8,pre,red,B,C,0,0.4,A|B|B|?|C,C,NO|NO|NO,0.000,0.000,NO|NO|NO,NO|NO|NO,0
traces/stage5_scale/3b/ov0_none_seed23.csv,shift,23,9,pre,blue,A,B,0,0.6,A|A|A|C|C,A,NO|NO|NO,0.000,0.000,NO|NO|NO,NO|NO|NO,0
traces/stage5_scale/3b/ov0_none_seed23.csv,shift,23,10,post,green,A,B,0,0.6,A|A|A|B|B,A,NO|NO|NO,0.000,0.000,NO|NO|NO,NO|NO|NO,0
traces/stage5_scale/3b/ov0_none_seed23.csv,shift,23,11,post,blue,B,C,0,0.4,B|A|A|B|C,A,NO|NO|NO,0.000,0.000,NO|NO|NO,NO|NO|NO,0
traces/stage5_scale/3b/ov0_none_seed23.csv,shift,23,12,post,red,B,A,0,0.4,B|A|C|B|C,C,NO|NO|NO,0.000,0.000,NO|NO|NO,NO|NO|NO,0
traces/stage5_scale/3b/ov0_none_seed23.csv,shift,23,13,post,red,A,A,1,0.4,A|C|A|B|C,C,NO|NO|NO,0.000,0.000,NO|NO|NO,NO|NO|NO,0
traces/stage5_scale/3b/ov0_none_seed23.csv,shift,23,14,post,blue,B,C,0,0.6,A|C|B|B|B,A,NO|NO|NO,0.000,0.000,NO|NO|NO,NO|NO|NO,0
traces/stage5_scale/3b/ov0_none_seed23.csv,shift,23,15,post,blue,C,C,1,0.6,C|C|B|B|C,B,NO|NO|NO,0.000,0.000,NO|NO|NO,NO|NO|NO,0
traces/stage5_scale/3b/ov0_none_seed23.csv,shift,23,16,post,green,A,B,0,0.4,A|B|A|B|C,A,NO|NO|NO,0.000,0.000,NO|NO|NO,NO|NO|NO,0
traces/stage5_scale/3b/ov0_none_seed23.csv,shift,23,17,post,red,C,A,0,0.6,A|C|B|C|C,A,NO|NO|NO,0.000,0.000,NO|NO|NO,NO|NO|NO,0
traces/stage5_scale/3b/ov0_none_seed23.csv,shift,23,18,post,blue,C,C,1,0.4,C|B|A|A|C,B,NO|NO|NO,0.000,0.000,NO|NO|NO,NO|NO|NO,0
traces/stage5_scale/3b/ov0_none_seed23.csv,shift,23,19,post,blue,C,C,1,0.6,C|B|C|C|B,B,NO|NO|NO,0.000,0.000,NO|NO|NO,NO|NO|NO,0
traces/stage5_scale/3b/ov0_none_seed24.csv,shift,24,0,pre,green,A,A,1,0.8,A|A|A|A|B,,,,,,,1
traces/stage5_scale/3b/ov0_none_seed24.csv,shift,24,1,pre,red,C,C,1,0.6,C|A|C|?|C,,,,,,,1
traces/stage5_scale/3b/ov0_none_seed24.csv,shift,24,2,pre,green,A,A,1,0.6,A|A|A|C|B,,,,,,,1
traces/stage5_scale/3b/ov0_none_seed24.csv,shift,24,3,pre,blue,A,B,0,0.6,A|A|A|B|B,,,,,,,1
traces/stage5_scale/3b/ov0_none_seed24.csv,shift,24,4,pre,blue,A,B,0,0.4,A|B|B|A|C,A,NO|NO|NO,0.000,0.000,NO|NO|NO,NO|NO|NO,0
traces/stage5_scale/3b/ov0_none_seed24.csv,shift,24,5,pre,blue,B,B,1,0.4,B|A|A|B|C,A,NO|NO|NO,0.000,0.000,NO|NO|NO,NO|NO|NO,0
traces/stage5_scale/3b/ov0_none_seed24.csv,shift,24,6,pre,blue,B,B,1,0.8,B|A|B|B|B,A,NO|NO|NO,0.000,0.000,NO|NO|NO,NO|NO|NO,0
traces/stage5_scale/3b/ov0_none_seed24.csv,shift,24,7,pre,blue,B,B,1,0.8,B|A|B|B|B,A,NO|NO|NO,0.000,0.000,NO|NO|NO,NO|NO|NO,0
traces/stage5_scale/3b/ov0_none_seed24.csv,shift,24,8,pre,green,A,A,1,0.4,A|B|A|B|C,A,NO|NO|NO,0.000,0.000,NO|NO|NO,NO|NO|NO,0
traces/stage5_scale/3b/ov0_none_seed24.csv,shift,24,9,pre,green,A,A,1,0.6,A|A|A|B|C,A,NO|NO|NO,0.000,0.000,NO|NO|NO,NO|NO|NO,0
traces/stage5_scale/3b/ov0_none_seed24.csv,shift,24,10,post,blue,B,C,0,0.8,B|A|B|B|B,B,NO|NO|NO,0.000,0.000,NO|NO|NO,NO|NO|NO,0
traces/stage5_scale/3b/ov0_none_seed24.csv,shift,24,11,post,green,A,B,0,0.4,A|B|A|B|C,A,NO|NO|NO,0.000,0.000,NO|NO|NO,NO|NO|NO,0
traces/stage5_scale/3b/ov0_none_seed24.csv,shift,24,12,post,blue,B,C,0,0.8,B|B|B|B|C,B,NO|NO|NO,0.000,0.000,NO|NO|NO,NO|NO|NO,0
traces/stage5_scale/3b/ov0_none_seed24.csv,shift,24,13,post,green,A,B,0,0.4,A|A|B|B|C,A,NO|NO|NO,0.000,0.000,NO|NO|NO,NO|NO|NO,0
traces/stage5_scale/3b/ov0_none_seed24.csv,shift,24,14,post,red,B,A,0,0.8,B|B|C|B|B,C,NO|NO|NO,0.000,0.000,NO|NO|NO,NO|NO|NO,0
traces/stage5_scale/3b/ov0_none_seed24.csv,shift,24,15,post,green,A,B,0,0.4,A|A|C|B|B,A,NO|NO|NO,0.000,0.000,NO|NO|NO,NO|NO|NO,0
traces/stage5_scale/3b/ov0_none_seed24.csv,shift,24,16,post,blue,B,C,0,0.8,C|B|B|B|B,B,NO|NO|NO,0.000,0.000,NO|NO|NO,NO|NO|NO,0
traces/stage5_scale/3b/ov0_none_seed24.csv,shift,24,17,post,red,B,A,0,0.6,B|A|B|B|C,C,NO|NO|NO,0.000,0.000,NO|NO|NO,NO|NO|NO,0
traces/stage5_scale/3b/ov0_none_seed24.csv,shift,24,18,post,red,B,A,0,0.8,B|B|B|C|B,B,NO|NO|NO,0.000,0.000,NO|NO|NO,NO|NO|NO,0
traces/stage5_scale/3b/ov0_none_seed24.csv,shift,24,19,post,green,B,B,1,0.6,A|B|A|B|B,A,NO|NO|NO,0.000,0.000,NO|NO|NO,NO|NO|NO,0
traces/stage5_scale/3b/ov0_none_seed25.csv,shift,25,0,pre,red,C,C,1,0.6,C|C|C|?|A,,,,,,,1
traces/stage5_scale/3b/ov0_none_seed25.csv,shift,25,1,pre,blue,B,B,1,0.6,B|B|A|C|B,,,,,,,1
traces/stage5_scale/3b/ov0_none_seed25.csv,shift,25,2,pre,blue,B,B,1,0.6,B|A|B|B|C,,,,,,,1
traces/stage5_scale/3b/ov0_none_seed25.csv,shift,25,3,pre,red,B,C,0,0.6,B|C|B|B|C,,,,,,,1
traces/stage5_scale/3b/ov0_none_seed25.csv,shift,25,4,pre,green,A,A,1,0.8,A|A|A|A|B,,,,,,,1
traces/stage5_scale/3b/ov0_none_seed25.csv,shift,25,5,pre,red,C,C,1,0.6,C|C|A|B|C,C,NO|NO|NO,0.000,0.000,NO|NO|NO,NO|NO|NO,0
traces/stage5_scale/3b/ov0_none_seed25.csv,shift,25,6,pre,blue,B,B,1,0.6,B|A|B|B|C,B,NO|NO|NO,0.000,0.000,NO|NO|NO,NO|NO|NO,0
traces/stage5_scale/3b/ov0_none_seed25.csv,shift,25,7,pre,red,B,C,0,0.8,B|B|B|B|C,C,NO|NO|NO,0.000,0.000,NO|NO|NO,NO|NO|NO,0
traces/stage5_scale/3b/ov0_none_seed25.csv,shift,25,8,pre,blue,A,B,0,0.6,B|A|A|A|B,B,NO|NO|NO,0.000,0.000,NO|NO|NO,NO|NO|NO,0
traces/stage5_scale/3b/ov0_none_seed25.csv,shift,25,9,pre,red,B,C,0,0.8,B|B|B|B|C,C,NO|NO|NO,0.000,0.000,NO|NO|NO,NO|NO|NO,0
traces/stage5_scale/3b/ov0_none_seed25.csv,shift,25,10,post,green,A,B,0,0.4,A|A|C|B|B,A,NO|NO|NO,0.000,0.000,NO|NO|NO,NO|NO|NO,0
traces/stage5_scale/3b/ov0_none_seed25.csv,shift,25,11,post,red,C,A,0,0.6,C|C|B|B|C,B,NO|NO|NO,0.000,0.000,NO|NO|NO,NO|NO|NO,0
traces/stage5_scale/3b/ov0_none_seed25.csv,shift,25,12,post,blue,B,C,0,0.6,B|A|A|B|B,B,NO|NO|NO,0.000,0.000,NO|NO|NO,NO|NO|NO,0
traces/stage5_scale/3b/ov0_none_seed25.csv,shift,25,13,post,green,A,B,0,0.4,A|B|A|B|C,A,NO|NO|NO,0.000,0.000,NO|NO|NO,NO|NO|NO,0
traces/stage5_scale/3b/ov0_none_seed25.csv,shift,25,14,post,blue,B,C,0,0.6,B|A|C|B|B,B,NO|NO|NO,0.000,0.000,NO|NO|NO,NO|NO|NO,0
traces/stage5_scale/3b/ov0_none_seed25.csv,shift,25,15,post,green,B,B,1,0.4,A|B|B|C|C,A,NO|NO|NO,0.000,0.000,NO|NO|NO,NO|NO|NO,0
traces/stage5_scale/3b/ov0_none_seed25.csv,shift,25,16,post,green,A,B,0,0.6,A|B|A|B|A,A,NO|NO|NO,0.000,0.000,NO|NO|NO,NO|NO|NO,0
traces/stage5_scale/3b/ov0_none_seed25.csv,shift,25,17,post,green,B,B,1,0.8,B|B|C|B|B,A,NO|NO|NO,0.000,0.000,NO|NO|NO,NO|NO|NO,0
traces/stage5_scale/3b/ov0_none_seed25.csv,shift,25,18,post,blue,B,C,0,0.6,A|B|B|B|C,B,NO|NO|NO,0.000,0.000,NO|NO|NO,NO|NO|NO,0
traces/stage5_scale/3b/ov0_none_seed25.csv,shift,25,19,post,green,B,B,1,0.8,B|B|B|B|C,A,NO|NO|NO,0.000,0.000,NO|NO|NO,NO|NO|NO,0
traces/stage5_scale/3b/ov0_none_seed26.csv,shift,26,0,pre,green,A,A,1,0.8,A|A|A|C|A,,,,,,,1
traces/stage5_scale/3b/ov0_none_seed26.csv,shift,26,1,pre,blue,A,B,0,0.6,A|B|A|A|C,,,,,,,1
traces/stage5_scale/3b/ov0_none_seed26.csv,shift,26,2,pre,green,A,A,1,0.6,A|A|A|B|B,,,,,,,1
traces/stage5_scale/3b/ov0_none_seed26.csv,shift,26,3,pre,blue,B,B,1,0.6,B|A|B|C|B,,,,,,,1
traces/stage5_scale/3b/ov0_none_seed26.csv,shift,26,4,pre,red,A,C,0,0.6,A|A|A|B|C,,,,,,,1
traces/stage5_scale/3b/ov0_none_seed26.csv,shift,26,5,pre,green,A,A,1,0.8,A|A|A|A|?,A,NO|NO|NO,0.000,0.000,NO|NO|NO,NO|NO|NO,0
traces/stage5_scale/3b/ov0_none_seed26.csv,shift,26,6,pre,green,B,A,0,0.4,B|A|A|B|C,A,NO|NO|NO,0.000,0.000,NO|NO|NO,NO|NO|NO,0
traces/stage5_scale/3b/ov0_none_seed26.csv,shift,26,7,pre,blue,B,B,1,0.6,B|A|A|B|B,A,NO|NO|NO,0.000,0.000,NO|NO|NO,NO|NO|NO,0
traces/stage5_scale/3b/ov0_none_seed26.csv,shift,26,8,pre,blue,A,B,0,0.4,A|A|B|B|C,B,NO|NO|NO,0.000,0.000,NO|NO|NO,NO|NO|NO,0
traces/stage5_scale/3b/ov0_none_seed26.csv,shift,26,9,pre,red,B,C,0,0.4,B|A|A|B|C,A,NO|NO|NO,0.000,0.000,NO|NO|NO,NO|NO|NO,0
traces/stage5_scale/3b/ov0_none_seed26.csv,shift,26,10,post,blue,B,C,0,0.4,B|A|A|B|C,A,NO|NO|NO,0.000,0.000,NO|NO|NO,NO|NO|NO,0
traces/stage5_scale/3b/ov0_none_seed26.csv,shift,26,11,post,green,A,B,0,0.6,A|A|A|B|C,A,NO|NO|NO,0.000,0.000,NO|NO|NO,NO|NO|NO,0
traces/stage5_scale/3b/ov0_none_seed26.csv,shift,26,12,post,green,B,B,1,0.6,A|A|B|B|B,A,NO|NO|NO,0.000,0.000,NO|NO|NO,NO|NO|NO,0
traces/stage5_scale/3b/ov0_none_seed26.csv,shift,26,13,post,green,A,B,0,0.6,A|A|B|A|C,A,NO|NO|NO,0.000,0.000,NO|NO|NO,NO|NO|NO,0
traces/stage5_scale/3b/ov0_none_seed26.csv,shift,26,14,post,green,B,B,1,0.6,A|B|C|B|B,A,NO|NO|NO,0.000,0.000,NO|NO|NO,NO|NO|NO,0
traces/stage5_scale/3b/ov0_none_seed26.csv,shift,26,15,post,blue,A,C,0,0.4,A|A|B|B|C,B,NO|NO|NO,0.000,0.000,NO|NO|NO,NO|NO|NO,0
traces/stage5_scale/3b/ov0_none_seed26.csv,shift,26,16,post,green,B,B,1,0.8,B|B|A|B|B,A,NO|NO|NO,0.000,0.000,NO|NO|NO,NO|NO|NO,0
traces/stage5_scale/3b/ov0_none_seed26.csv,shift,26,17,post,red,B,A,0,0.6,B|B|A|B|C,A,NO|NO|NO,0.000,0.000,NO|NO|NO,NO|NO|NO,0
traces/stage5_scale/3b/ov0_none_seed26.csv,shift,26,18,post,blue,C,C,1,0.6,C|C|C|B|B,A,NO|NO|NO,0.000,0.000,NO|NO|NO,NO|NO|NO,0
traces/stage5_scale/3b/ov0_none_seed26.csv,shift,26,19,post,green,B,B,1,0.8,A|B|B|B|B,A,NO|NO|NO,0.000,0.000,NO|NO|NO,NO|NO|NO,0
traces/stage5_scale/3b/ov0_none_seed27.csv,shift,27,0,pre,green,A,A,1,0.8,A|A|A|A|B,,,,,,,1
traces/stage5_scale/3b/ov0_none_seed27.csv,shift,27,1,pre,red,A,C,0,0.6,C|A|A|A|C,,,,,,,1
traces/stage5_scale/3b/ov0_none_seed27.csv,shift,27,2,pre,green,A,A,1,0.4,A|A|C|B|C,,,,,,,1
traces/stage5_scale/3b/ov0_none_seed27.csv,shift,27,3,pre,red,C,C,1,0.8,C|C|C|C|A,,,,,,,1
traces/stage5_scale/3b/ov0_none_seed27.csv,shift,27,4,pre,red,C,C,1,0.8,C|C|C|B|C,,,,,,,1
traces/stage5_scale/3b/ov0_none_seed27.csv,shift,27,5,pre,blue,B,B,1,0.6,B|A|B|?|B,,,,,,,1
traces/stage5_scale/3b/ov0_none_seed27.csv,shift,27,6,pre,blue,B,B,1,0.8,B|B|B|B|C,B,NO|NO|NO,0.000,0.000,NO|NO|NO,NO|NO|NO,0
traces/stage5_scale/3b/ov0_none_seed27.csv,shift,27,7,pre,blue,B,B,1,0.6,B|B|B|A|A,B,NO|NO|NO,0.000,0.000,NO|NO|NO,NO|NO|NO,0
traces/stage5_scale/3b/ov0_none_seed27.csv,shift,27,8,pre,red,C,C,1,0.6,C|C|B|B|C,C,NO|NO|NO,0.000,0.000,NO|NO|NO,NO|NO|NO,0
traces/stage5_scale/3b/ov0_none_seed27.csv,shift,27,9,pre,green,B,A,0,0.6,A|A|B|B|B,A,NO|NO|NO,0.000,0.000,NO|NO|NO,NO|NO|NO,0
traces/stage5_scale/3b/ov0_none_seed27.csv,shift,27,10,post,red,C,A,0,0.4,C|A|C|B|A,C,NO|NO|NO,0.000,0.000,NO|NO|NO,NO|NO|NO,0
traces/stage5_scale/3b/ov0_none_seed27.csv,shift,27,11,post,red,A,A,1,0.6,A|A|A|B|C,C,NO|NO|NO,0.000,0.000,NO|NO|NO,NO|NO|NO,0
traces/stage5_scale/3b/ov0_none_seed27.csv,shift,27,12,post,red,A,A,1,0.4,A|A|C|B|C,C,NO|NO|NO,0.000,0.000,NO|NO|NO,NO|NO|NO,0
traces/stage5_scale/3b/ov0_none_seed27.csv,shift,27,13,post,red,A,A,1,0.4,A|A|C|B|C,C,NO|NO|NO,0.000,0.000,NO|NO|NO,NO|NO|NO,0
traces/stage5_scale/3b/ov0_none_seed27.csv,shift,27,14,post,blue,B,C,0,0.8,B|A|B|B|B,B,NO|NO|NO,0.000,0.000,NO|NO|NO,NO|NO|NO,0
traces/stage5_scale/3b/ov0_none_seed27.csv,shift,27,15,post,blue,C,C,1,0.6,C|A|C|B|C,B,NO|NO|NO,0.000,0.000,NO|NO|NO,NO|NO|NO,0
traces/stage5_scale/3b/ov0_none_seed27.csv,shift,27,16,post,blue,B,C,0,0.6,C|A|B|B|B,B,NO|NO|NO,0.000,0.000,NO|NO|NO,NO|NO|NO,0
traces/stage5_scale/3b/ov0_none_seed27.csv,shift,27,17,post,red,A,A,1,0.4,A|A|C|B|C,A,NO|NO|NO,0.000,0.000,NO|NO|NO,NO|NO|NO,0
traces/stage5_scale/3b/ov0_none_seed27.csv,shift,27,18,post,blue,A,C,0,0.6,A|C|A|A|C,B,NO|NO|NO,0.000,0.000,NO|NO|NO,NO|NO|NO,0
traces/stage5_scale/3b/ov0_none_seed27.csv,shift,27,19,post,green,B,B,1,0.6,B|A|B|B|C,A,NO|NO|NO,0.000,0.000,NO|NO|NO,NO|NO|NO,0
traces/stage5_scale/3b/ov0_none_seed28.csv,shift,28,0,pre,blue,A,B,0,0.4,B|A|A|C|C,,,,,,,1
traces/stage5_scale/3b/ov0_none_seed28.csv,shift,28,1,pre,green,A,A,1,0.8,A|A|A|B|A,,,,,,,1
traces/stage5_scale/3b/ov0_none_seed28.csv,shift,28,2,pre,blue,B,B,1,0.8,B|B|B|B|C,,,,,,,1
traces/stage5_scale/3b/ov0_none_seed28.csv,shift,28,3,pre,green,A,A,1,0.6,A|A|A|C|C,,,,,,,1
traces/stage5_scale/3b/ov0_none_seed28.csv,shift,28,4,pre,green,A,A,1,0.6,A|A|A|B|C,,,,,,,1
traces/stage5_scale/3b/ov0_none_seed28.csv,shift,28,5,pre,green,A,A,1,0.4,A|B|A|B|C,,,,,,,1
traces/stage5_scale/3b/ov0_none_seed28.csv,shift,28,6,pre,blue,A,B,0,0.6,A|A|A|B|B,,,,,,,1
traces/stage5_scale/3b/ov0_none_seed28.csv,shift,28,7,pre,blue,A,B,0,0.4,B|A|A|C|C,,,,,,,1
traces/stage5_scale/3b/ov0_none_seed28.csv,shift,28,8,pre,blue,B,B,1,0.6,B|B|A|B|C,,,,,,,1
traces/stage5_scale/3b/ov0_none_seed28.csv,shift,28,9,pre,green,A,A,1,0.6,A|A|A|B|C,,,,,,,1
traces/stage5_scale/3b/ov0_none_seed28.csv,shift,28,10,post,red,C,A,0,0.6,C|A|C|B|C,,,,,,,1
traces/stage5_scale/3b/ov0_none_seed28.csv,shift,28,11,post,red,A,A,1,0.6,A|A|A|C|C,C,NO|NO|NO,0.000,0.000,NO|NO|NO,NO|NO|NO,0
traces/stage5_scale/3b/ov0_none_seed28.csv,shift,28,12,post,blue,A,C,0,0.6,A|A|A|B|B,A,NO|NO|NO,0.000,0.000,NO|NO|NO,NO|NO|NO,0
traces/stage5_scale/3b/ov0_none_seed28.csv,shift,28,13,post,blue,A,C,0,0.4,A|C|B|A|C,A,NO|NO|NO,0.000,0.000,NO|NO|NO,NO|NO|NO,0
traces/stage5_scale/3b/ov0_none_seed28.csv,shift,28,14,post,blue,C,C,1,0.8,C|C|C|B|C,A,NO|NO|NO,0.000,0.000,NO|NO|NO,NO|NO|NO,0
traces/stage5_scale/3b/ov0_none_seed28.csv,shift,28,15,post,red,C,A,0,0.4,C|C|A|B|B,C,NO|NO|NO,0.000,0.000,NO|NO|NO,NO|NO|NO,0
traces/stage5_scale/3b/ov0_none_seed28.csv,shift,28,16,post,blue,B,C,0,0.6,C|C|B|B|B,A,NO|NO|NO,0.000,0.000,NO|NO|NO,NO|NO|NO,0
traces/stage5_scale/3b/ov0_none_seed28.csv,shift,28,17,post,blue,C,C,1,0.8,C|C|C|C|B,A,NO|NO|NO,0.000,0.000,NO|NO|NO,NO|NO|NO,0
traces/stage5_scale/3b/ov0_none_seed28.csv,shift,28,18,post,green,A,B,0,0.4,A|A|C|B|B,A,NO|NO|NO,0.000,0.000,NO|NO|NO,NO|NO|NO,0
traces/stage5_scale/3b/ov0_none_seed28.csv,shift,28,19,post,blue,C,C,1,0.8,C|C|C|B|C,A,NO|NO|NO,0.000,0.000,NO|NO|NO,NO|NO|NO,0
traces/stage5_scale/3b/ov0_none_seed29.csv,shift,29,0,pre,green,A,A,1,0.8,A|A|A|A|B,,,,,,,1
traces/stage5_scale/3b/ov0_none_seed29.csv,shift,29,1,pre,blue,C,B,0,0.4,C|A|A|B|C,,,,,,,1
traces/stage5_scale/3b/ov0_none_seed29.csv,shift,29,2,pre,red,C,C,1,0.4,A|C|C|B|B,,,,,,,1
traces/stage5_scale/3b/ov0_none_seed29.csv,shift,29,3,pre,green,B,A,0,0.6,B|A|A|B|B,A,NO|NO|NO,0.000,0.000,NO|NO|NO,NO|NO|NO,0
traces/stage5_scale/3b/ov0_none_seed29.csv,shift,29,4,pre,green,B,A,0,0.6,A|A|B|B|B,A,NO|NO|NO,0.000,0.000,NO|NO|NO,NO|NO|NO,0
traces/stage5_scale/3b/ov0_none_seed29.csv,shift,29,5,pre,red,A,C,0,0.6,B|A|A|A|C,C,NO|NO|NO,0.000,0.000,NO|NO|NO,NO|NO|NO,0
traces/stage5_scale/3b/ov0_none_seed29.csv,shift,29,6,pre,blue,B,B,1,0.8,B|B|B|B|A,C,NO|NO|NO,0.000,0.000,NO|NO|NO,NO|NO|NO,0
traces/stage5_scale/3b/ov0_none_seed29.csv,shift,29,7,pre,green,A,A,1,0.6,A|A|A|C|B,B,NO|NO|NO,0.000,0.000,NO|NO|NO,NO|NO|NO,0
traces/stage5_scale/3b/ov0_none_seed29.csv,shift,29,8,pre,red,A,C,0,0.4,A|C|A|B|C,C,NO|NO|NO,0.000,0.000,NO|NO|NO,NO|NO|NO,0
traces/stage5_scale/3b/ov0_none_seed29.csv,shift,29,9,pre,red,C,C,1,0.6,C|C|C|B|B,A,NO|NO|NO,0.000,0.000,NO|NO|NO,NO|NO|NO,0
traces/stage5_scale/3b/ov0_none_seed29.csv,shift,29,10,post,red,A,A,1,0.4,A|A|B|B|C,C,NO|NO|NO,0.000,0.000,NO|NO|NO,NO|NO|NO,0
traces/stage5_scale/3b/ov0_none_seed29.csv,shift,29,11,post,blue,B,C,0,0.4,B|A|B|C|A,C,NO|NO|NO,0.000,0.000,NO|NO|NO,NO|NO|NO,0
traces/stage5_scale/3b/ov0_none_seed29.csv,shift,29,12,post,blue,B,C,0,0.6,B|A|B|C|B,B,NO|NO|NO,0.000,0.000,NO|NO|NO,NO|NO|NO,0
traces/stage5_scale/3b/ov0_none_seed29.csv,shift,29,13,post,blue,C,C,1,0.4,C|A|B|B|C,B,NO|NO|NO,0.000,0.000,NO|NO|NO,NO|NO|NO,0
traces/stage5_scale/3b/ov0_none_seed29.csv,shift,29,14,post,red,C,A,0,0.6,A|C|C|B|C,A,NO|NO|NO,0.000,0.000,NO|NO|NO,NO|NO|NO,0
traces/stage5_scale/3b/ov0_none_seed29.csv,shift,29,15,post,green,A,B,0,0.4,A|A|C|B|C,A,NO|NO|NO,0.000,0.000,NO|NO|NO,NO|NO|NO,0
traces/stage5_scale/3b/ov0_none_seed29.csv,shift,29,16,post,blue,B,C,0,0.6,B|A|C|B|B,B,NO|NO|NO,0.000,0.000,NO|NO|NO,NO|NO|NO,0
traces/stage5_scale/3b/ov0_none_seed29.csv,shift,29,17,post,red,A,A,1,0.4,A|B|A|B|C,C,NO|NO|NO,0.000,0.000,NO|NO|NO,NO|NO|NO,0
traces/stage5_scale/3b/ov0_none_seed29.csv,shift,29,18,post,blue,C,C,1,1.0,C|C|C|C|C,B,NO|NO|NO,0.000,0.000,NO|NO|NO,NO|NO|NO,0
traces/stage5_scale/3b/ov0_none_seed29.csv,shift,29,19,post,red,B,A,0,0.4,B|A|C|B|C,A,NO|NO|NO,0.000,0.000,NO|NO|NO,NO|NO|NO,0
traces/stage5_scale/3b/ov0_none_seed3.csv,shift,3,0,pre,blue,B,B,1,0.8,B|B|B|B|C,,,,,,,1
traces/stage5_scale/3b/ov0_none_seed3.csv,shift,3,1,pre,green,A,A,1,0.8,A|A|A|C|A,,,,,,,1
traces/stage5_scale/3b/ov0_none_seed3.csv,shift,3,2,pre,green,A,A,1,0.6,A|A|A|C|C,,,,,,,1
traces/stage5_scale/3b/ov0_none_seed3.csv,shift,3,3,pre,blue,A,B,0,0.6,A|B|A|C|A,,,,,,,1
traces/stage5_scale/3b/ov0_none_seed3.csv,shift,3,4,pre,red,C,C,1,0.6,A|B|C|C|C,,,,,,,1
traces/stage5_scale/3b/ov0_none_seed3.csv,shift,3,5,pre,green,A,A,1,0.6,A|A|A|B|C,A,NO|NO|NO,0.000,0.000,NO|NO|NO,NO|NO|NO,0
traces/stage5_scale/3b/ov0_none_seed3.csv,shift,3,6,pre,red,B,C,0,0.6,A|B|C|B|B,C,NO|NO|NO,0.000,0.000,NO|NO|NO,NO|NO|NO,0
traces/stage5_scale/3b/ov0_none_seed3.csv,shift,3,7,pre,green,A,A,1,0.6,A|A|C|A|C,A,NO|NO|NO,0.000,0.000,NO|NO|NO,NO|NO|NO,0
traces/stage5_scale/3b/ov0_none_seed3.csv,shift,3,8,pre,green,A,A,1,0.8,A|A|A|B|A,A,NO|NO|NO,0.000,0.000,NO|NO|NO,NO|NO|NO,0
traces/stage5_scale/3b/ov0_none_seed3.csv,shift,3,9,pre,blue,B,B,1,0.6,C|B|B|B|C,B,NO|NO|NO,0.000,0.000,NO|NO|NO,NO|NO|NO,0
traces/stage5_scale/3b/ov0_none_seed3.csv,shift,3,10,post,green,B,B,1,0.6,A|A|B|B|B,A,NO|NO|NO,0.000,0.000,NO|NO|NO,NO|NO|NO,0
traces/stage5_scale/3b/ov0_none_seed3.csv,shift,3,11,post,blue,B,C,0,0.8,B|A|B|B|B,B,NO|NO|NO,0.000,0.000,NO|NO|NO,NO|NO|NO,0
traces/stage5_scale/3b/ov0_none_seed3.csv,shift,3,12,post,red,B,A,0,0.4,C|A|B|?|B,C,NO|NO|NO,0.000,0.000,NO|NO|NO,NO|NO|NO,0
traces/stage5_scale/3b/ov0_none_seed3.csv,shift,3,13,post,red,C,A,0,0.6,C|A|C|B|C,B,NO|NO|NO,0.000,0.000,NO|NO|NO,NO|NO|NO,0
traces/stage5_scale/3b/ov0_none_seed3.csv,shift,3,14,post,green,A,B,0,0.4,A|A|B|B|C,A,NO|NO|NO,0.000,0.000,NO|NO|NO,NO|NO|NO,0
traces/stage5_scale/3b/ov0_none_seed3.csv,shift,3,15,post,blue,B,C,0,0.6,B|A|B|B|A,B,NO|NO|NO,0.000,0.000,NO|NO|NO,NO|NO|NO,0
traces/stage5_scale/3b/ov0_none_seed3.csv,shift,3,16,post,blue,B,C,0,0.6,B|B|B|A|C,B,NO|NO|NO,0.000,0.000,NO|NO|NO,NO|NO|NO,0
traces/stage5_scale/3b/ov0_none_seed3.csv,shift,3,17,post,green,B,B,1,0.8,B|B|A|B|B,A,NO|NO|NO,0.000,0.000,NO|NO|NO,NO|NO|NO,0
traces/stage5_scale/3b/ov0_none_seed3.csv,shift,3,18,post,red,A,A,1,0.8,A|A|A|A|C,C,NO|NO|NO,0.000,0.000,NO|NO|NO,NO|NO|NO,0
traces/stage5_scale/3b/ov0_none_seed3.csv,shift,3,19,post,green,B,B,1,0.6,A|B|B|B|A,A,NO|NO|NO,0.000,0.000,NO|NO|NO,NO|NO|NO,0
traces/stage5_scale/3b/ov0_none_seed4.csv,shift,4,0,pre,blue,C,B,0,0.6,A|A|C|C|C,,,,,,,1
traces/stage5_scale/3b/ov0_none_seed4.csv,shift,4,1,pre,red,C,C,1,0.6,C|B|C|C|B,,,,,,,1
traces/stage5_scale/3b/ov0_none_seed4.csv,shift,4,2,pre,blue,B,B,1,0.4,B|A|A|B|C,,,,,,,1
traces/stage5_scale/3b/ov0_none_seed4.csv,shift,4,3,pre,green,A,A,1,0.6,A|A|A|C|C,,,,,,,1
traces/stage5_scale/3b/ov0_none_seed4.csv,shift,4,4,pre,red,B,C,0,0.4,A|B|C|B|C,C,NO|NO|NO,0.000,0.000,NO|NO|NO,NO|NO|NO,0
traces/stage5_scale/3b/ov0_none_seed4.csv,shift,4,5,pre,red,C,C,1,0.6,C|C|B|B|C,C,NO|NO|NO,0.000,0.000,NO|NO|NO,NO|NO|NO,0
traces/stage5_scale/3b/ov0_none_seed4.csv,shift,4,6,pre,blue,A,B,0,0.4,B|A|A|C|?,C,NO|NO|NO,0.000,0.000,NO|NO|NO,NO|NO|NO,0
traces/stage5_scale/3b/ov0_none_seed4.csv,shift,4,7,pre,blue,B,B,1,0.6,B|B|A|B|C,C,NO|NO|NO,0.000,0.000,NO|NO|NO,NO|NO|NO,0
traces/stage5_scale/3b/ov0_none_seed4.csv,shift,4,8,pre,blue,B,B,1,0.4,B|A|C|B|C,B,NO|NO|NO,0.000,0.000,NO|NO|NO,NO|NO|NO,0
traces/stage5_scale/3b/ov0_none_seed4.csv,shift,4,9,pre,blue,B,B,1,0.6,B|A|A|B|B,B,NO|NO|NO,0.000,0.000,NO|NO|NO,NO|NO|NO,0
traces/stage5_scale/3b/ov0_none_seed4.csv,shift,4,10,post,red,C,A,0,0.6,C|A|C|A|C,C,NO|NO|NO,0.000,0.000,NO|NO|NO,NO|NO|NO,0
traces/stage5_scale/3b/ov0_none_seed4.csv,shift,4,11,post,green,A,B,0,0.6,B|A|A|A|B,A,NO|NO|NO,0.000,0.000,NO|NO|NO,NO|NO|NO,0
traces/stage5_scale/3b/ov0_none_seed4.csv,shift,4,12,post,red,A,A,1,0.6,A|A|A|B|C,C,NO|NO|NO,0.000,0.000,NO|NO|NO,NO|NO|NO,0
traces/stage5_scale/3b/ov0_none_seed4.csv,shift,4,13,post,blue,B,C,0,0.6,A|B|B|B|C,B,NO|NO|NO,0.000,0.000,NO|NO|NO,NO|NO|NO,0
traces/stage5_scale/3b/ov0_none_seed4.csv,shift,4,14,post,blue,A,C,0,0.4,A|A|B|B|C,B,NO|NO|NO,0.000,0.000,NO|NO|NO,NO|NO|NO,0
traces/stage5_scale/3b/ov0_none_seed4.csv,shift,4,15,post,green,A,B,0,0.4,A|B|A|C|B,A,NO|NO|NO,0.000,0.000,NO|NO|NO,NO|NO|NO,0
traces/stage5_scale/3b/ov0_none_seed4.csv,shift,4,16,post,green,A,B,0,0.4,A|A|B|B|C,A,NO|NO|NO,0.000,0.000,NO|NO|NO,NO|NO|NO,0
traces/stage5_scale/3b/ov0_none_seed4.csv,shift,4,17,post,red,C,A,0,0.4,C|B|A|A|C,C,NO|NO|NO,0.000,0.000,NO|NO|NO,NO|NO|NO,0
traces/stage5_scale/3b/ov0_none_seed4.csv,shift,4,18,post,red,A,A,1,0.4,C|A|A|B|B,C,NO|NO|NO,0.000,0.000,NO|NO|NO,NO|NO|NO,0
traces/stage5_scale/3b/ov0_none_seed4.csv,shift,4,19,post,blue,B,C,0,0.6,B|B|A|C|B,B,NO|NO|NO,0.000,0.000,NO|NO|NO,NO|NO|NO,0
traces/stage5_scale/3b/ov0_none_seed5.csv,shift,5,0,pre,green,A,A,1,0.8,A|A|A|B|A,,,,,,,1
traces/stage5_scale/3b/ov0_none_seed5.csv,shift,5,1,pre,red,A,C,0,0.6,A|A|C|C|A,,,,,,,1
traces/stage5_scale/3b/ov0_none_seed5.csv,shift,5,2,pre,green,A,A,1,0.6,A|A|A|C|B,,,,,,,1
traces/stage5_scale/3b/ov0_none_seed5.csv,shift,5,3,pre,red,B,C,0,0.6,B|A|B|B|A,,,,,,,1
traces/stage5_scale/3b/ov0_none_seed5.csv,shift,5,4,pre,green,A,A,1,0.6,A|C|A|A|B,,,,,,,1
traces/stage5_scale/3b/ov0_none_seed5.csv,shift,5,5,pre,green,A,A,1,0.6,A|A|A|C|B,,,,,,,1
traces/stage5_scale/3b/ov0_none_seed5.csv,shift,5,6,pre,green,A,A,1,0.8,A|A|A|B|A,,,,,,,1
traces/stage5_scale/3b/ov0_none_seed5.csv,shift,5,7,pre,green,A,A,1,0.6,A|A|A|B|C,,,,,,,1
traces/stage5_scale/3b/ov0_none_seed5.csv,shift,5,8,pre,blue,B,B,1,0.6,B|A|B|B|C,,,,,,,1
traces/stage5_scale/3b/ov0_none_seed5.csv,shift,5,9,pre,red,B,C,0,0.6,B|A|B|B|C,A,NO|NO|NO,0.000,0.000,NO|NO|NO,NO|NO|NO,0
traces/stage5_scale/3b/ov0_none_seed5.csv,shift,5,10,post,blue,B,C,0,0.4,B|A|A|B|C,B,NO|NO|NO,0.000,0.000,NO|NO|NO,NO|NO|NO,0
traces/stage5_scale/3b/ov0_none_seed5.csv,shift,5,11,post,green,A,B,0,0.4,A|A|C|B|B,A,NO|NO|NO,0.000,0.000,NO|NO|NO,NO|NO|NO,0
traces/stage5_scale/3b/ov0_none_seed5.csv,shift,5,12,post,blue,B,C,0,0.4,B|A|B|A|C,B,NO|NO|NO,0.000,0.000,NO|NO|NO,NO|NO|NO,0
traces/stage5_scale/3b/ov0_none_seed5.csv,shift,5,13,post,blue,C,C,1,0.4,C|A|C|A|B,B,NO|NO|NO,0.000,0.000,NO|NO|NO,NO|NO|NO,0
traces/stage5_scale/3b/ov0_none_seed5.csv,shift,5,14,post,blue,B,C,0,0.8,B|B|C|B|B,B,NO|YES|NO,0.333,0.333,NO|YES|NO,NO|YES|NO,0
traces/stage5_scale/3b/ov0_none_seed5.csv,shift,5,15,post,red,A,A,1,0.4,A|B|A|B|C,B,NO|NO|NO,0.000,0.000,NO|NO|NO,NO|NO|NO,0
traces/stage5_scale/3b/ov0_none_seed5.csv,shift,5,16,post,red,C,A,0,0.6,A|C|A|C|C,A,NO|NO|NO,0.000,0.000,NO|NO|NO,NO|NO|NO,0
traces/stage5_scale/3b/ov0_none_seed5.csv,shift,5,17,post,blue,B,C,0,0.8,A|B|B|B|B,B,NO|NO|NO,0.000,0.000,NO|NO|NO,NO|NO|NO,0
traces/stage5_scale/3b/ov0_none_seed5.csv,shift,5,18,post,red,A,A,1,0.8,A|A|A|A|C,A,NO|NO|NO,0.000,0.000,NO|NO|NO,NO|NO|NO,0
traces/stage5_scale/3b/ov0_none_seed5.csv,shift,5,19,post,green,B,B,1,0.8,B|A|B|B|B,A,NO|NO|NO,0.000,0.000,NO|NO|NO,NO|NO|NO,0
traces/stage5_scale/3b/ov0_none_seed6.csv,shift,6,0,pre,green,A,A,1,0.8,A|A|A|A|C,,,,,,,1
traces/stage5_scale/3b/ov0_none_seed6.csv,shift,6,1,pre,blue,A,B,0,0.8,A|A|A|A|B,,,,,,,1
traces/stage5_scale/3b/ov0_none_seed6.csv,shift,6,2,pre,red,C,C,1,0.6,A|C|C|B|C,,,,,,,1
traces/stage5_scale/3b/ov0_none_seed6.csv,shift,6,3,pre,red,C,C,1,0.6,C|B|C|A|C,C,NO|NO|NO,0.000,0.000,NO|NO|NO,NO|NO|NO,0
traces/stage5_scale/3b/ov0_none_seed6.csv,shift,6,4,pre,blue,B,B,1,0.6,B|A|B|B|C,A,NO|NO|NO,0.000,0.000,NO|NO|NO,NO|NO|NO,0
traces/stage5_scale/3b/ov0_none_seed6.csv,shift,6,5,pre,blue,B,B,1,0.4,B|A|A|B|C,A,NO|NO|NO,0.000,0.000,NO|NO|NO,NO|NO|NO,0
traces/stage5_scale/3b/ov0_none_seed6.csv,shift,6,6,pre,blue,B,B,1,0.8,B|A|B|B|B,B,NO|NO|NO,0.000,0.000,NO|NO|NO,NO|NO|NO,0
traces/stage5_scale/3b/ov0_none_seed6.csv,shift,6,7,pre,green,A,A,1,0.4,A|A|B|B|C,A,NO|NO|NO,0.000,0.000,NO|NO|NO,NO|NO|NO,0
traces/stage5_scale/3b/ov0_none_seed6.csv,shift,6,8,pre,green,A,A,1,0.8,A|A|A|A|C,A,NO|NO|NO,0.000,0.000,NO|NO|NO,NO|NO|NO,0
traces/stage5_scale/3b/ov0_none_seed6.csv,shift,6,9,pre,red,C,C,1,0.4,C|A|A|B|C,C,NO|NO|NO,0.000,0.000,NO|NO|NO,NO|NO|NO,0
traces/stage5_scale/3b/ov0_none_seed6.csv,shift,6,10,post,green,A,B,0,0.6,A|A|A|B|C,A,NO|NO|NO,0.000,0.000,NO|NO|NO,NO|NO|NO,0
traces/stage5_scale/3b/ov0_none_seed6.csv,shift,6,11,post,red,A,A,1,0.4,A|A|B|C|B,C,NO|NO|NO,0.000,0.000,NO|NO|NO,NO|NO|NO,0
traces/stage5_scale/3b/ov0_none_seed6.csv,shift,6,12,post,red,C,A,0,0.6,C|A|C|A|C,C,NO|NO|NO,0.000,0.000,NO|NO|NO,NO|NO|NO,0
traces/stage5_scale/3b/ov0_none_seed6.csv,shift,6,13,post,blue,B,C,0,0.6,A|B|C|B|B,B,NO|NO|NO,0.000,0.000,NO|NO|NO,NO|NO|NO,0
traces/stage5_scale/3b/ov0_none_seed6.csv,shift,6,14,post,red,C,A,0,0.6,A|A|C|C|C,C,NO|NO|NO,0.000,0.000,NO|NO|NO,NO|NO|NO,0
traces/stage5_scale/3b/ov0_none_seed6.csv,shift,6,15,post,red,A,A,1,0.8,A|A|A|A|C,C,NO|NO|NO,0.000,0.000,NO|NO|NO,NO|NO|NO,0
traces/stage5_scale/3b/ov0_none_seed6.csv,shift,6,16,post,blue,B,C,0,0.6,A|B|B|B|A,B,NO|NO|NO,0.000,0.000,NO|NO|NO,NO|NO|NO,0
traces/stage5_scale/3b/ov0_none_seed6.csv,shift,6,17,post,green,C,B,0,0.6,C|A|A|C|C,A,NO|NO|NO,0.000,0.000,NO|NO|NO,NO|NO|NO,0
traces/stage5_scale/3b/ov0_none_seed6.csv,shift,6,18,post,red,A,A,1,0.4,A|A|C|B|C,C,NO|NO|NO,0.000,0.000,NO|NO|NO,NO|NO|NO,0
traces/stage5_scale/3b/ov0_none_seed6.csv,shift,6,19,post,green,A,B,0,0.8,A|A|A|A|C,A,NO|NO|NO,0.000,0.000,NO|NO|NO,NO|NO|NO,0
traces/stage5_scale/3b/ov0_none_seed7.csv,shift,7,0,pre,red,C,C,1,0.6,C|A|C|?|C,,,,,,,1
traces/stage5_scale/3b/ov0_none_seed7.csv,shift,7,1,pre,blue,B,B,1,0.4,B|A|A|B|C,,,,,,,1
traces/stage5_scale/3b/ov0_none_seed7.csv,shift,7,2,pre,red,C,C,1,0.4,C|A|B|B|C,,,,,,,1
traces/stage5_scale/3b/ov0_none_seed7.csv,shift,7,3,pre,green,A,A,1,0.4,A|B|A|C|B,,,,,,,1
traces/stage5_scale/3b/ov0_none_seed7.csv,shift,7,4,pre,blue,B,B,1,0.6,B|A|A|B|B,B,NO|NO|NO,0.000,0.000,NO|NO|NO,NO|NO|NO,0
traces/stage5_scale/3b/ov0_none_seed7.csv,shift,7,5,pre,blue,A,B,0,0.6,B|A|A|A|B,B,NO|NO|NO,0.000,0.000,NO|NO|NO,NO|NO|NO,0
traces/stage5_scale/3b/ov0_none_seed7.csv,shift,7,6,pre,green,A,A,1,0.4,A|B|A|B|C,A,NO|NO|NO,0.000,0.000,NO|NO|NO,NO|NO|NO,0
traces/stage5_scale/3b/ov0_none_seed7.csv,shift,7,7,pre,blue,B,B,1,0.6,B|A|A|B|B,B,NO|NO|NO,0.000,0.000,NO|NO|NO,NO|NO|NO,0
traces/stage5_scale/3b/ov0_none_seed7.csv,shift,7,8,pre,red,A,C,0,0.4,A|A|B|B|C,C,NO|NO|NO,0.000,0.000,NO|NO|NO,NO|NO|NO,0
traces/stage5_scale/3b/ov0_none_seed7.csv,shift,7,9,pre,green,A,A,1,0.4,A|B|A|B|C,A,NO|NO|NO,0.000,0.000,NO|NO|NO,NO|NO|NO,0
traces/stage5_scale/3b/ov0_none_seed7.csv,shift,7,10,post,blue,A,C,0,0.6,A|A|A|B|B,B,NO|NO|NO,0.000,0.000,NO|NO|NO,NO|NO|NO,0
traces/stage5_scale/3b/ov0_none_seed7.csv,shift,7,11,post,green,A,B,0,0.6,A|A|A|B|C,A,NO|NO|NO,0.000,0.000,NO|NO|NO,NO|NO|NO,0
traces/stage5_scale/3b/ov0_none_seed7.csv,shift,7,12,post,blue,B,C,0,0.4,B|A|A|B|C,B,NO|NO|NO,0.000,0.000,NO|NO|NO,NO|NO|NO,0
traces/stage5_scale/3b/ov0_none_seed7.csv,shift,7,13,post,blue,C,C,1,0.4,C|A|B|B|C,B,NO|NO|NO,0.000,0.000,NO|NO|NO,NO|NO|NO,0
traces/stage5_scale/3b/ov0_none_seed7.csv,shift,7,14,post,blue,B,C,0,0.6,C|C|B|B|B,B,NO|NO|NO,0.000,0.000,NO|NO|NO,NO|NO|NO,0
traces/stage5_scale/3b/ov0_none_seed7.csv,shift,7,15,post,red,C,A,0,0.4,C|A|C|B|B,C,NO|NO|NO,0.000,0.000,NO|NO|NO,NO|NO|NO,0
traces/stage5_scale/3b/ov0_none_seed7.csv,shift,7,16,post,red,A,A,1,0.4,A|A|B|B|C,C,NO|NO|NO,0.000,0.000,NO|NO|NO,NO|NO|NO,0
traces/stage5_scale/3b/ov0_none_seed7.csv,shift,7,17,post,blue,C,C,1,0.8,C|C|C|B|C,B,NO|NO|NO,0.000,0.000,NO|NO|NO,NO|NO|NO,0
traces/stage5_scale/3b/ov0_none_seed7.csv,shift,7,18,post,blue,C,C,1,0.6,B|C|B|C|C,B,NO|NO|NO,0.000,0.000,NO|NO|NO,NO|NO|NO,0
traces/stage5_scale/3b/ov0_none_seed7.csv,shift,7,19,post,blue,B,C,0,0.6,B|C|C|B|B,B,NO|NO|NO,0.000,0.000,NO|NO|NO,NO|NO|NO,0
traces/stage5_scale/3b/ov0_none_seed8.csv,shift,8,0,pre,blue,B,B,1,0.6,B|B|A|A|B,,,,,,,1
traces/stage5_scale/3b/ov0_none_seed8.csv,shift,8,1,pre,red,C,C,1,0.4,C|C|A|B|B,,,,,,,1
traces/stage5_scale/3b/ov0_none_seed8.csv,shift,8,2,pre,red,C,C,1,0.8,C|A|C|C|C,,,,,,,1
traces/stage5_scale/3b/ov0_none_seed8.csv,shift,8,3,pre,blue,A,B,0,0.4,B|A|C|A|C,,,,,,,1
traces/stage5_scale/3b/ov0_none_seed8.csv,shift,8,4,pre,blue,B,B,1,0.6,B|B|C|B|C,,,,,,,1
traces/stage5_scale/3b/ov0_none_seed8.csv,shift,8,5,pre,green,A,A,1,0.4,A|B|A|B|C,,,,,,,1
traces/stage5_scale/3b/ov0_none_seed8.csv,shift,8,6,pre,blue,A,B,0,0.6,B|A|A|A|B,B,NO|NO|NO,0.000,0.000,NO|NO|NO,NO|NO|NO,0
traces/stage5_scale/3b/ov0_none_seed8.csv,shift,8,7,pre,blue,B,B,1,0.6,A|B|B|B|C,B,NO|NO|NO,0.000,0.000,NO|NO|NO,NO|NO|NO,0
traces/stage5_scale/3b/ov0_none_seed8.csv,shift,8,8,pre,blue,B,B,1,0.4,B|A|B|A|C,B,NO|NO|NO,0.000,0.000,NO|NO|NO,NO|NO|NO,0
traces/stage5_scale/3b/ov0_none_seed8.csv,shift,8,9,pre,blue,B,B,1,1.0,B|B|B|B|B,B,NO|NO|NO,0.000,0.000,NO|NO|NO,NO|NO|NO,0
traces/stage5_scale/3b/ov0_none_seed8.csv,shift,8,10,post,green,A,B,0,0.6,A|A|A|B|C,A,NO|NO|NO,0.000,0.000,NO|NO|NO,NO|NO|NO,0
traces/stage5_scale/3b/ov0_none_seed8.csv,shift,8,11,post,blue,B,C,0,0.6,B|A|B|A|B,B,NO|NO|NO,0.000,0.000,NO|NO|NO,NO|NO|NO,0
traces/stage5_scale/3b/ov0_none_seed8.csv,shift,8,12,post,red,C,A,0,0.6,C|A|C|C|B,C,NO|NO|NO,0.000,0.000,NO|NO|NO,NO|NO|NO,0
traces/stage5_scale/3b/ov0_none_seed8.csv,shift,8,13,post,green,A,B,0,0.4,A|C|A|B|B,A,NO|NO|NO,0.000,0.000,NO|NO|NO,NO|NO|NO,0
traces/stage5_scale/3b/ov0_none_seed8.csv,shift,8,14,post,blue,C,C,1,0.4,A|C|C|B|B,B,NO|NO|NO,0.000,0.000,NO|NO|NO,NO|NO|NO,0
traces/stage5_scale/3b/ov0_none_seed8.csv,shift,8,15,post,red,B,A,0,0.4,B|A|C|B|C,C,NO|NO|NO,0.000,0.000,NO|NO|NO,NO|NO|NO,0
traces/stage5_scale/3b/ov0_none_seed8.csv,shift,8,16,post,red,C,A,0,0.6,A|C|C|B|C,C,NO|NO|NO,0.000,0.000,NO|NO|NO,NO|NO|NO,0
traces/stage5_scale/3b/ov0_none_seed8.csv,shift,8,17,post,red,C,A,0,0.8,C|B|C|C|C,C,NO|NO|NO,0.000,0.000,NO|NO|NO,NO|NO|NO,0
traces/stage5_scale/3b/ov0_none_seed8.csv,shift,8,18,post,red,C,A,0,0.6,C|A|C|B|C,C,NO|NO|NO,0.000,0.000,NO|NO|NO,NO|NO|NO,0
traces/stage5_scale/3b/ov0_none_seed8.csv,shift,8,19,post,red,C,A,0,0.6,C|C|C|B|B,C,NO|NO|NO,0.000,0.000,NO|NO|NO,NO|NO|NO,0
traces/stage5_scale/3b/ov0_none_seed9.csv,shift,9,0,pre,red,C,C,1,0.6,C|A|C|C|B,,,,,,,1
traces/stage5_scale/3b/ov0_none_seed9.csv,shift,9,1,pre,green,A,A,1,0.6,A|A|A|B|C,,,,,,,1
traces/stage5_scale/3b/ov0_none_seed9.csv,shift,9,2,pre,red,C,C,1,0.6,C|A|C|B|C,,,,,,,1
traces/stage5_scale/3b/ov0_none_seed9.csv,shift,9,3,pre,red,A,C,0,0.6,C|A|A|A|C,,,,,,,1
traces/stage5_scale/3b/ov0_none_seed9.csv,shift,9,4,pre,blue,B,B,1,0.6,B|B|A|B|C,,,,,,,1
traces/stage5_scale/3b/ov0_none_seed9.csv,shift,9,5,pre,blue,B,B,1,0.6,A|B|B|B|C,B,NO|NO|NO,0.000,0.000,NO|NO|NO,NO|NO|NO,0
traces/stage5_scale/3b/ov0_none_seed9.csv,shift,9,6,pre,green,A,A,1,0.6,A|A|A|B|C,A,NO|NO|NO,0.000,0.000,NO|NO|NO,NO|NO|NO,0
traces/stage5_scale/3b/ov0_none_seed9.csv,shift,9,7,pre,blue,B,B,1,0.6,B|B|A|B|C,B,NO|NO|NO,0.000,0.000,NO|NO|NO,NO|NO|NO,0
traces/stage5_scale/3b/ov0_none_seed9.csv,shift,9,8,pre,red,B,C,0,0.6,C|B|B|B|C,C,NO|NO|NO,0.000,0.000,NO|NO|NO,NO|NO|NO,0
traces/stage5_scale/3b/ov0_none_seed9.csv,shift,9,9,pre,green,A,A,1,0.4,A|B|B|A|C,A,NO|NO|NO,0.000,0.000,NO|NO|NO,NO|NO|NO,0
traces/stage5_scale/3b/ov0_none_seed9.csv,shift,9,10,post,red,A,A,1,0.4,A|C|A|B|C,C,NO|NO|NO,0.000,0.000,NO|NO|NO,NO|NO|NO,0
traces/stage5_scale/3b/ov0_none_seed9.csv,shift,9,11,post,green,A,B,0,0.6,A|A|A|B|C,A,NO|NO|NO,0.000,0.000,NO|NO|NO,NO|NO|NO,0
traces/stage5_scale/3b/ov0_none_seed9.csv,shift,9,12,post,blue,A,C,0,0.6,A|A|A|B|B,B,NO|NO|NO,0.000,0.000,NO|NO|NO,NO|NO|NO,0
traces/stage5_scale/3b/ov0_none_seed9.csv,shift,9,13,post,red,A,A,1,0.6,A|A|C|A|B,C,NO|NO|NO,0.000,0.000,NO|NO|NO,NO|NO|NO,0
traces/stage5_scale/3b/ov0_none_seed9.csv,shift,9,14,post,green,A,B,0,0.4,A|A|B|B|C,A,NO|NO|NO,0.000,0.000,NO|NO|NO,NO|NO|NO,0
traces/stage5_scale/3b/ov0_none_seed9.csv,shift,9,15,post,green,B,B,1,0.6,A|B|A|B|B,A,NO|NO|NO,0.000,0.000,NO|NO|NO,NO|NO|NO,0
traces/stage5_scale/3b/ov0_none_seed9.csv,shift,9,16,post,green,B,B,1,0.8,B|B|A|B|B,A,NO|NO|NO,0.000,0.000,NO|NO|NO,NO|NO|NO,0
traces/stage5_scale/3b/ov0_none_seed9.csv,shift,9,17,post,blue,C,C,1,0.4,A|C|B|B|C,B,NO|NO|NO,0.000,0.000,NO|NO|NO,NO|NO|NO,0
traces/stage5_scale/3b/ov0_none_seed9.csv,shift,9,18,post,green,B,B,1,0.6,B|A|A|B|B,A,NO|NO|NO,0.000,0.000,NO|NO|NO,NO|NO|NO,0
traces/stage5_scale/3b/ov0_none_seed9.csv,shift,9,19,post,red,A,A,1,0.6,A|A|A|C|B,A,NO|NO|NO,0.000,0.000,NO|NO|NO,NO|NO|NO,0
